position,driver_number,number_of_laps,points,dnf,dns,dsq,duration,gap_to_leader,meeting_key,session_key
1.0,1,57.0,25.0,False,False,False,5636.736,0,1141,7953
2.0,11,57.0,18.0,False,False,False,5648.723,11.987,1141,7953
3.0,14,57.0,15.0,False,False,False,5675.373,38.637,1141,7953
4.0,55,57.0,12.0,False,False,False,5684.788,48.052,1141,7953
5.0,44,57.0,10.0,False,False,False,5687.713,50.977,1141,7953
6.0,18,57.0,8.0,False,False,False,5691.238,54.502,1141,7953
7.0,63,57.0,6.0,False,False,False,5692.609,55.873,1141,7953
8.0,77,57.0,4.0,False,False,False,5709.383,72.647,1141,7953
9.0,10,57.0,2.0,False,False,False,5710.489,73.753,1141,7953
10.0,23,57.0,1.0,False,False,False,5726.51,89.774,1141,7953
11.0,22,57.0,0.0,False,False,False,5727.606,90.87,1141,7953
12.0,2,56.0,0.0,False,False,False,,+1 LAP,1141,7953
13.0,20,56.0,0.0,False,False,False,,+1 LAP,1141,7953
14.0,21,56.0,0.0,False,False,False,,+1 LAP,1141,7953
15.0,27,56.0,0.0,False,False,False,,+1 LAP,1141,7953
16.0,24,56.0,0.0,False,False,False,,+1 LAP,1141,7953
17.0,4,55.0,0.0,False,False,False,,+2 LAPS,1141,7953
,31,41.0,0.0,True,False,False,,,1141,7953
,16,39.0,0.0,True,False,False,,,1141,7953
,81,13.0,0.0,True,False,False,,,1141,7953
1.0,11,50.0,25.0,False,False,False,4874.894,0,1142,7779
2.0,1,50.0,0.0,False,False,False,4880.249,5.355,1142,7779
3.0,14,50.0,15.0,False,False,False,4895.622,20.728,1142,7779
4.0,63,50.0,12.0,False,False,False,4900.76,25.866,1142,7779
5.0,44,50.0,10.0,False,False,False,4905.959,31.065,1142,7779
6.0,55,50.0,8.0,False,False,False,4910.77,35.876,1142,7779
7.0,16,50.0,6.0,False,False,False,4918.056,43.162,1142,7779
8.0,31,50.0,4.0,False,False,False,4927.726,52.832,1142,7779
9.0,10,50.0,2.0,False,False,False,4929.641,54.747,1142,7779
10.0,20,50.0,1.0,False,False,False,4939.72,64.826,1142,7779
11.0,22,50.0,0.0,False,False,False,4942.388,67.494,1142,7779
12.0,27,50.0,0.0,False,False,False,4945.482,70.588,1142,7779
13.0,24,50.0,0.0,False,False,False,4950.954,76.06,1142,7779
14.0,21,50.0,0.0,False,False,False,4952.372,77.478,1142,7779
15.0,81,50.0,0.0,False,False,False,4959.915,85.021,1142,7779
16.0,2,50.0,0.0,False,False,False,4961.187,86.293,1142,7779
17.0,4,50.0,0.0,False,False,False,4961.339,86.445,1142,7779
18.0,77,49.0,0.0,False,False,False,,+1 LAP,1142,7779
,23,27.0,0.0,True,False,False,,,1142,7779
,18,16.0,0.0,True,False,False,,,1142,7779
1.0,1,58.0,25.0,False,False,False,9158.371,0,1143,7787
2.0,44,58.0,18.0,False,False,False,9158.55,0.179,1143,7787
3.0,14,58.0,15.0,False,False,False,9159.14,0.769,1143,7787
4.0,18,58.0,12.0,False,False,False,9161.453,3.082,1143,7787
5.0,11,58.0,11.0,False,False,False,9161.691,3.32,1143,7787
6.0,4,58.0,8.0,False,False,False,9162.072,3.701,1143,7787
7.0,27,58.0,6.0,False,False,False,9163.31,4.939,1143,7787
8.0,81,58.0,4.0,False,False,False,9163.753,5.382,1143,7787
9.0,24,58.0,2.0,False,False,False,9164.084,5.713,1143,7787
10.0,22,58.0,1.0,False,False,False,9164.423,6.052,1143,7787
11.0,77,58.0,0.0,False,False,False,9164.884,6.513,1143,7787
12.0,55,58.0,0.0,False,False,False,9164.965,6.594,1143,7787
13.0,10,56.0,0.0,True,False,False,,,1143,7787
14.0,31,56.0,0.0,True,False,False,,,1143,7787
15.0,21,56.0,0.0,True,False,False,,,1143,7787
16.0,2,56.0,0.0,True,False,False,,,1143,7787
17.0,20,52.0,0.0,True,False,False,,,1143,7787
,63,17.0,0.0,True,False,False,,,1143,7787
,23,6.0,0.0,True,False,False,,,1143,7787
,16,0.0,0.0,True,False,False,,,1143,7787
1.0,11,51.0,25.0,False,False,False,5562.436,0,1207,9070
2.0,1,51.0,18.0,False,False,False,5564.573,2.137,1207,9070
3.0,16,51.0,15.0,False,False,False,5583.653,21.217,1207,9070
4.0,14,51.0,12.0,False,False,False,5584.46,22.024,1207,9070
5.0,55,51.0,10.0,False,False,False,5607.927,45.491,1207,9070
6.0,44,51.0,8.0,False,False,False,5608.581,46.145,1207,9070
7.0,18,51.0,6.0,False,False,False,5614.053,51.617,1207,9070
8.0,63,51.0,5.0,False,False,False,5636.676,74.24,1207,9070
9.0,4,51.0,2.0,False,False,False,5642.812,80.376,1207,9070
10.0,22,51.0,1.0,False,False,False,5646.298,83.862,1207,9070
11.0,81,51.0,0.0,False,False,False,5648.937,86.501,1207,9070
12.0,23,51.0,0.0,False,False,False,5651.059,88.623,1207,9070
13.0,20,51.0,0.0,False,False,False,5652.165,89.729,1207,9070
14.0,10,51.0,0.0,False,False,False,5653.768,91.332,1207,9070
15.0,31,51.0,0.0,False,False,False,5660.23,97.794,1207,9070
16.0,2,51.0,0.0,False,False,False,5663.379,100.943,1207,9070
17.0,27,50.0,0.0,False,False,False,,+1 LAP,1207,9070
18.0,77,50.0,0.0,False,False,False,,+1 LAP,1207,9070
,24,36.0,0.0,True,False,False,,,1207,9070
,21,9.0,0.0,True,False,False,,,1207,9070
1.0,1,57.0,26.0,False,False,False,5258.241,0,1208,9078
2.0,11,57.0,18.0,False,False,False,5263.625,5.384,1208,9078
3.0,14,57.0,15.0,False,False,False,5284.546,26.305,1208,9078
4.0,63,57.0,12.0,False,False,False,5291.47,33.229,1208,9078
5.0,55,57.0,10.0,False,False,False,5300.752,42.511,1208,9078
6.0,44,57.0,8.0,False,False,False,5309.49,51.249,1208,9078
7.0,16,57.0,6.0,False,False,False,5311.229,52.988,1208,9078
8.0,10,57.0,4.0,False,False,False,5313.911,55.67,1208,9078
9.0,31,57.0,2.0,False,False,False,5316.364,58.123,1208,9078
10.0,20,57.0,1.0,False,False,False,5321.186,62.945,1208,9078
11.0,22,57.0,0.0,False,False,False,5322.55,64.309,1208,9078
12.0,18,57.0,0.0,False,False,False,5322.995,64.754,1208,9078
13.0,77,57.0,0.0,False,False,False,5329.878,71.637,1208,9078
14.0,23,57.0,0.0,False,False,False,5331.102,72.861,1208,9078
15.0,27,57.0,0.0,False,False,False,5333.191,74.95,1208,9078
16.0,24,57.0,0.0,False,False,False,5336.681,78.44,1208,9078
17.0,4,57.0,0.0,False,False,False,5345.958,87.717,1208,9078
18.0,21,57.0,0.0,False,False,False,5347.19,88.949,1208,9078
19.0,81,56.0,0.0,False,False,False,,+1 LAP,1208,9078
20.0,2,56.0,0.0,False,False,False,,+1 LAP,1208,9078
1.0,1,78.0,25.0,False,False,False,6531.98,0,1210,9094
2.0,14,78.0,18.0,False,False,False,6559.901,27.921,1210,9094
3.0,31,78.0,15.0,False,False,False,6568.97,36.99,1210,9094
4.0,44,78.0,13.0,False,False,False,6571.042,39.062,1210,9094
5.0,63,78.0,10.0,False,False,False,6588.264,56.284,1210,9094
6.0,16,78.0,8.0,False,False,False,6593.87,61.89,1210,9094
7.0,10,78.0,6.0,False,False,False,6594.342,62.362,1210,9094
8.0,55,78.0,4.0,False,False,False,6595.371,63.391,1210,9094
9.0,4,77.0,2.0,False,False,False,,+1 LAP,1210,9094
10.0,81,77.0,1.0,False,False,False,,+1 LAP,1210,9094
11.0,77,77.0,0.0,False,False,False,,+1 LAP,1210,9094
12.0,21,77.0,0.0,False,False,False,,+1 LAP,1210,9094
13.0,24,77.0,0.0,False,False,False,,+1 LAP,1210,9094
14.0,23,77.0,0.0,False,False,False,,+1 LAP,1210,9094
15.0,22,76.0,0.0,False,False,False,,+2 LAPS,1210,9094
16.0,11,76.0,0.0,False,False,False,,+2 LAPS,1210,9094
17.0,27,76.0,0.0,False,False,False,,+2 LAPS,1210,9094
18.0,2,76.0,0.0,False,False,False,,+2 LAPS,1210,9094
19.0,20,70.0,0.0,True,False,False,,,1210,9094
,18,53.0,0.0,True,False,False,,,1210,9094
1.0,1,66.0,26.0,False,False,False,5277.94,0,1211,9102
2.0,44,66.0,18.0,False,False,False,5302.03,24.09,1211,9102
3.0,63,66.0,15.0,False,False,False,5310.329,32.389,1211,9102
4.0,11,66.0,12.0,False,False,False,5313.752,35.812,1211,9102
5.0,55,66.0,10.0,False,False,False,5323.638,45.698,1211,9102
6.0,18,66.0,8.0,False,False,False,5341.26,63.32,1211,9102
7.0,14,66.0,6.0,False,False,False,5342.067,64.127,1211,9102
8.0,31,66.0,4.0,False,False,False,5347.182,69.242,1211,9102
9.0,24,66.0,2.0,False,False,False,5349.818,71.878,1211,9102
10.0,10,66.0,1.0,False,False,False,5351.47,73.53,1211,9102
11.0,16,66.0,0.0,False,False,False,5352.359,74.419,1211,9102
12.0,22,66.0,0.0,False,False,False,5353.356,75.416,1211,9102
13.0,81,65.0,0.0,False,False,False,,+1 LAP,1211,9102
14.0,21,65.0,0.0,False,False,False,,+1 LAP,1211,9102
15.0,27,65.0,0.0,False,False,False,,+1 LAP,1211,9102
16.0,23,65.0,0.0,False,False,False,,+1 LAP,1211,9102
17.0,4,65.0,0.0,False,False,False,,+1 LAP,1211,9102
18.0,20,65.0,0.0,False,False,False,,+1 LAP,1211,9102
19.0,77,65.0,0.0,False,False,False,,+1 LAP,1211,9102
20.0,2,65.0,0.0,False,False,False,,+1 LAP,1211,9102
1.0,1,70.0,25.0,False,False,False,5638.348,0,1212,9110
2.0,14,70.0,18.0,False,False,False,5647.918,9.57,1212,9110
3.0,44,70.0,15.0,False,False,False,5652.516,14.168,1212,9110
4.0,16,70.0,12.0,False,False,False,5656.996,18.648,1212,9110
5.0,55,70.0,10.0,False,False,False,5659.888,21.54,1212,9110
6.0,11,70.0,9.0,False,False,False,5689.376,51.028,1212,9110
7.0,23,70.0,6.0,False,False,False,5699.161,60.813,1212,9110
8.0,31,70.0,4.0,False,False,False,5700.04,61.692,1212,9110
9.0,18,70.0,2.0,False,False,False,5702.75,64.402,1212,9110
10.0,77,70.0,1.0,False,False,False,5702.78,64.432,1212,9110
11.0,81,70.0,0.0,False,False,False,5703.449,65.101,1212,9110
12.0,10,70.0,0.0,False,False,False,5703.597,65.249,1212,9110
13.0,4,70.0,0.0,False,False,False,5706.711,68.363,1212,9110
14.0,22,70.0,0.0,False,False,False,5711.771,73.423,1212,9110
15.0,27,69.0,0.0,False,False,False,,+1 LAP,1212,9110
16.0,24,69.0,0.0,False,False,False,,+1 LAP,1212,9110
17.0,20,69.0,0.0,False,False,False,,+1 LAP,1212,9110
18.0,21,69.0,0.0,False,False,False,,+1 LAP,1212,9110
,63,53.0,0.0,True,False,False,,,1212,9110
,2,6.0,0.0,True,False,False,,,1212,9110
1.0,1,71.0,26.0,False,False,False,5133.607,0,1213,9118
2.0,16,71.0,18.0,False,False,False,5138.762,5.155,1213,9118
3.0,11,71.0,15.0,False,False,False,5150.795,17.188,1213,9118
4.0,4,71.0,12.0,False,False,False,5159.934,26.327,1213,9118
5.0,14,71.0,10.0,False,False,False,5163.924,30.317,1213,9118
6.0,55,71.0,8.0,False,False,False,5164.984,31.377,1213,9118
7.0,63,71.0,6.0,False,False,False,5182.01,48.403,1213,9118
8.0,44,71.0,4.0,False,False,False,5182.803,49.196,1213,9118
9.0,18,71.0,2.0,False,False,False,5192.65,59.043,1213,9118
10.0,10,71.0,1.0,False,False,False,5201.274,67.667,1213,9118
11.0,23,71.0,0.0,False,False,False,5213.374,79.767,1213,9118
12.0,24,70.0,0.0,False,False,False,,+1 LAP,1213,9118
13.0,2,70.0,0.0,False,False,False,,+1 LAP,1213,9118
14.0,31,70.0,0.0,False,False,False,,+1 LAP,1213,9118
15.0,77,70.0,0.0,False,False,False,,+1 LAP,1213,9118
16.0,81,70.0,0.0,False,False,False,,+1 LAP,1213,9118
17.0,21,70.0,0.0,False,False,False,,+1 LAP,1213,9118
18.0,20,70.0,0.0,False,False,False,,+1 LAP,1213,9118
19.0,22,70.0,0.0,False,False,False,,+1 LAP,1213,9118
,27,12.0,0.0,True,False,False,,,1213,9118
1.0,1,52.0,26.0,False,False,False,5116.938,0,1214,9126
2.0,4,52.0,18.0,False,False,False,5120.736,3.798,1214,9126
3.0,44,52.0,15.0,False,False,False,5123.721,6.783,1214,9126
4.0,81,52.0,12.0,False,False,False,5124.714,7.776,1214,9126
5.0,63,52.0,10.0,False,False,False,5128.144,11.206,1214,9126
6.0,11,52.0,8.0,False,False,False,5129.82,12.882,1214,9126
7.0,14,52.0,6.0,False,False,False,5134.131,17.193,1214,9126
8.0,23,52.0,4.0,False,False,False,5134.816,17.878,1214,9126
9.0,16,52.0,2.0,False,False,False,5135.627,18.689,1214,9126
10.0,55,52.0,1.0,False,False,False,5136.386,19.448,1214,9126
11.0,2,52.0,0.0,False,False,False,5140.57,23.632,1214,9126
12.0,77,52.0,0.0,False,False,False,5142.768,25.83,1214,9126
13.0,27,52.0,0.0,False,False,False,5143.601,26.663,1214,9126
14.0,18,52.0,0.0,False,False,False,5144.421,27.483,1214,9126
15.0,24,52.0,0.0,False,False,False,5146.758,29.82,1214,9126
16.0,22,52.0,0.0,False,False,False,5148.163,31.225,1214,9126
17.0,21,52.0,0.0,False,False,False,5150.066,33.128,1214,9126
18.0,10,46.0,0.0,True,False,False,,,1214,9126
,20,31.0,0.0,True,False,False,,,1214,9126
,31,9.0,0.0,True,False,False,,,1214,9126
1.0,1,70.0,26.0,False,False,False,5888.634,0,1215,9133
2.0,4,70.0,18.0,False,False,False,5922.365,33.731,1215,9133
3.0,11,70.0,15.0,False,False,False,5926.237,37.603,1215,9133
4.0,44,70.0,12.0,False,False,False,5927.768,39.134,1215,9133
5.0,81,70.0,10.0,False,False,False,5951.206,62.572,1215,9133
6.0,63,70.0,8.0,False,False,False,5954.459,65.825,1215,9133
7.0,16,70.0,6.0,False,False,False,5958.951,70.317,1215,9133
8.0,55,70.0,4.0,False,False,False,5959.707,71.073,1215,9133
9.0,14,70.0,2.0,False,False,False,5964.343,75.709,1215,9133
10.0,18,69.0,1.0,False,False,False,,+1 LAP,1215,9133
11.0,23,69.0,0.0,False,False,False,,+1 LAP,1215,9133
12.0,77,69.0,0.0,False,False,False,,+1 LAP,1215,9133
13.0,3,69.0,0.0,False,False,False,,+1 LAP,1215,9133
14.0,27,69.0,0.0,False,False,False,,+1 LAP,1215,9133
15.0,22,69.0,0.0,False,False,False,,+1 LAP,1215,9133
16.0,24,69.0,0.0,False,False,False,,+1 LAP,1215,9133
17.0,20,69.0,0.0,False,False,False,,+1 LAP,1215,9133
18.0,2,67.0,0.0,True,False,False,,,1215,9133
,31,2.0,0.0,True,False,False,,,1215,9133
,10,1.0,0.0,True,False,False,,,1215,9133
1.0,1,44.0,25.0,False,False,False,4950.45,0,1216,9141
2.0,11,44.0,18.0,False,False,False,4972.755,22.305,1216,9141
3.0,16,44.0,15.0,False,False,False,4982.709,32.259,1216,9141
4.0,44,44.0,13.0,False,False,False,5000.121,49.671,1216,9141
5.0,14,44.0,10.0,False,False,False,5006.634,56.184,1216,9141
6.0,63,44.0,8.0,False,False,False,5013.551,63.101,1216,9141
7.0,4,44.0,6.0,False,False,False,5024.169,73.719,1216,9141
8.0,31,44.0,4.0,False,False,False,5025.169,74.719,1216,9141
9.0,18,44.0,2.0,False,False,False,5029.79,79.34,1216,9141
10.0,22,44.0,1.0,False,False,False,5030.671,80.221,1216,9141
11.0,10,44.0,0.0,False,False,False,5033.534,83.084,1216,9141
12.0,77,44.0,0.0,False,False,False,5035.641,85.191,1216,9141
13.0,24,44.0,0.0,False,False,False,5045.891,95.441,1216,9141
14.0,23,44.0,0.0,False,False,False,5046.634,96.184,1216,9141
15.0,20,44.0,0.0,False,False,False,5052.204,101.754,1216,9141
16.0,3,44.0,0.0,False,False,False,5053.521,103.071,1216,9141
17.0,2,44.0,0.0,False,False,False,5054.926,104.476,1216,9141
18.0,27,44.0,0.0,False,False,False,5060.9,110.45,1216,9141
,55,23.0,0.0,True,False,False,,,1216,9141
,81,0.0,0.0,True,False,False,,,1216,9141
1.0,1,72.0,25.0,False,False,False,8644.411,0,1217,9149
2.0,14,72.0,19.0,False,False,False,8648.155,3.744,1217,9149
3.0,10,72.0,15.0,False,False,False,8651.469,7.058,1217,9149
4.0,11,72.0,12.0,False,False,False,8654.479,10.068,1217,9149
5.0,55,72.0,10.0,False,False,False,8656.952,12.541,1217,9149
6.0,44,72.0,8.0,False,False,False,8657.62,13.209,1217,9149
7.0,4,72.0,6.0,False,False,False,8657.643,13.232,1217,9149
8.0,23,72.0,4.0,False,False,False,8659.566,15.155,1217,9149
9.0,81,72.0,2.0,False,False,False,8660.991,16.58,1217,9149
10.0,31,72.0,1.0,False,False,False,8662.757,18.346,1217,9149
11.0,18,72.0,0.0,False,False,False,8664.498,20.087,1217,9149
12.0,27,72.0,0.0,False,False,False,8665.251,20.84,1217,9149
13.0,40,72.0,0.0,False,False,False,8670.558,26.147,1217,9149
14.0,77,72.0,0.0,False,False,False,8671.799,27.388,1217,9149
15.0,22,72.0,0.0,False,False,False,8674.304,29.893,1217,9149
16.0,20,72.0,0.0,False,False,False,8675.821,31.41,1217,9149
17.0,63,72.0,0.0,False,False,False,8700.165,55.754,1217,9149
,24,62.0,0.0,True,False,False,,,1217,9149
,16,41.0,0.0,True,False,False,,,1217,9149
,2,14.0,0.0,True,False,False,,,1217,9149
1.0,1,51.0,25.0,False,False,False,4421.143,0,1218,9157
2.0,11,51.0,18.0,False,False,False,4427.207,6.064,1218,9157
3.0,55,51.0,15.0,False,False,False,4432.336,11.193,1218,9157
4.0,16,51.0,12.0,False,False,False,4432.52,11.377,1218,9157
5.0,63,51.0,10.0,False,False,False,4444.171,23.028,1218,9157
6.0,44,51.0,8.0,False,False,False,4463.822,42.679,1218,9157
7.0,23,51.0,6.0,False,False,False,4466.249,45.106,1218,9157
8.0,4,51.0,4.0,False,False,False,4466.592,45.449,1218,9157
9.0,14,51.0,2.0,False,False,False,4467.437,46.294,1218,9157
10.0,77,51.0,1.0,False,False,False,4485.199,64.056,1218,9157
11.0,40,51.0,0.0,False,False,False,4491.781,70.638,1218,9157
12.0,81,51.0,0.0,False,False,False,4494.217,73.074,1218,9157
13.0,2,51.0,0.0,False,False,False,4499.7,78.557,1218,9157
14.0,24,51.0,0.0,False,False,False,4501.307,80.164,1218,9157
15.0,10,51.0,0.0,False,False,False,4503.653,82.51,1218,9157
16.0,18,51.0,0.0,False,False,False,4508.409,87.266,1218,9157
17.0,27,50.0,0.0,False,False,False,,+1 LAP,1218,9157
18.0,20,50.0,0.0,False,False,False,,+1 LAP,1218,9157
,31,39.0,0.0,True,False,False,,,1218,9157
,22,0.0,0.0,False,True,False,,,1218,9157
1.0,55,62.0,25.0,False,False,False,6397.418,0,1219,9165
2.0,4,62.0,18.0,False,False,False,6398.23,0.812,1219,9165
3.0,44,62.0,16.0,False,False,False,6398.687,1.269,1219,9165
4.0,16,62.0,12.0,False,False,False,6418.595,21.177,1219,9165
5.0,1,62.0,10.0,False,False,False,6418.859,21.441,1219,9165
6.0,10,62.0,8.0,False,False,False,6435.859,38.441,1219,9165
7.0,81,62.0,6.0,False,False,False,6438.897,41.479,1219,9165
8.0,11,62.0,4.0,False,False,False,6456.952,59.534,1219,9165
9.0,40,62.0,2.0,False,False,False,6463.336,65.918,1219,9165
10.0,20,62.0,1.0,False,False,False,6469.534,72.116,1219,9165
11.0,23,62.0,0.0,False,False,False,6470.835,73.417,1219,9165
12.0,24,62.0,0.0,False,False,False,6481.067,83.649,1219,9165
13.0,27,62.0,0.0,False,False,False,6483.619,86.201,1219,9165
14.0,2,62.0,0.0,False,False,False,6484.307,86.889,1219,9165
15.0,14,62.0,0.0,False,False,False,6485.021,87.603,1219,9165
16.0,63,61.0,0.0,True,False,False,,,1219,9165
,77,51.0,0.0,True,False,False,,,1219,9165
,31,42.0,0.0,True,False,False,,,1219,9165
,22,0.0,0.0,True,False,False,,,1219,9165
1.0,1,53.0,26.0,False,False,False,5458.421,0,1220,9173
2.0,4,53.0,18.0,False,False,False,5477.808,19.387,1220,9173
3.0,81,53.0,15.0,False,False,False,5494.915,36.494,1220,9173
4.0,16,53.0,12.0,False,False,False,5502.419,43.998,1220,9173
5.0,44,53.0,10.0,False,False,False,5507.797,49.376,1220,9173
6.0,55,53.0,8.0,False,False,False,5508.642,50.221,1220,9173
7.0,63,53.0,6.0,False,False,False,5516.08,57.659,1220,9173
8.0,14,53.0,4.0,False,False,False,5533.146,74.725,1220,9173
9.0,31,53.0,2.0,False,False,False,5538.099,79.678,1220,9173
10.0,10,53.0,1.0,False,False,False,5541.576,83.155,1220,9173
11.0,40,52.0,0.0,False,False,False,,+1 LAP,1220,9173
12.0,22,52.0,0.0,False,False,False,,+1 LAP,1220,9173
13.0,24,52.0,0.0,False,False,False,,+1 LAP,1220,9173
14.0,27,52.0,0.0,False,False,False,,+1 LAP,1220,9173
15.0,20,52.0,0.0,False,False,False,,+1 LAP,1220,9173
,23,26.0,0.0,True,False,False,,,1220,9173
,2,22.0,0.0,True,False,False,,,1220,9173
,18,20.0,0.0,True,False,False,,,1220,9173
,11,15.0,0.0,True,False,False,,,1220,9173
,77,7.0,0.0,True,False,False,,,1220,9173
1.0,1,57.0,26.0,False,False,False,5259.168,0,1221,9221
2.0,81,57.0,18.0,False,False,False,5264.001,4.833,1221,9221
3.0,4,57.0,15.0,False,False,False,5265.137,5.969,1221,9221
4.0,63,57.0,12.0,False,False,False,5293.287,34.119,1221,9221
5.0,16,57.0,10.0,False,False,False,5298.144,38.976,1221,9221
6.0,14,57.0,8.0,False,False,False,5308.2,49.032,1221,9221
7.0,31,57.0,6.0,False,False,False,5321.558,62.39,1221,9221
8.0,77,57.0,4.0,False,False,False,5325.731,66.563,1221,9221
9.0,24,57.0,2.0,False,False,False,5335.295,76.127,1221,9221
10.0,11,57.0,1.0,False,False,False,5339.349,80.181,1221,9221
11.0,18,57.0,0.0,False,False,False,5340.82,81.652,1221,9221
12.0,10,57.0,0.0,False,False,False,5341.468,82.3,1221,9221
13.0,23,57.0,0.0,False,False,False,5350.182,91.014,1221,9221
14.0,20,56.0,0.0,False,False,False,,+1 LAP,1221,9221
15.0,22,56.0,0.0,False,False,False,,+1 LAP,1221,9221
16.0,27,56.0,0.0,False,False,False,,+1 LAP,1221,9221
17.0,40,56.0,0.0,False,False,False,,+1 LAP,1221,9221
,2,40.0,0.0,True,False,False,,,1221,9221
,44,0.0,0.0,True,False,False,,,1221,9221
,55,0.0,0.0,False,True,False,,,1221,9221
1.0,1,56.0,25.0,False,False,False,5721.362,0,1222,9213
,44,56.0,0.0,False,False,False,5723.587,2.225,1222,9213
2.0,4,56.0,0.0,False,False,False,5732.092,10.73,1222,9213
3.0,55,56.0,0.0,False,False,False,5736.496,15.134,1222,9213
4.0,11,56.0,0.0,False,False,False,5739.822,18.46,1222,9213
,16,56.0,0.0,False,False,False,5746.024,24.662,1222,9213
5.0,63,56.0,0.0,False,False,False,5746.361,24.999,1222,9213
6.0,10,56.0,0.0,False,False,False,5769.358,47.996,1222,9213
7.0,18,56.0,0.0,False,False,False,5770.058,48.696,1222,9213
8.0,22,56.0,0.0,False,False,False,5795.747,74.385,1222,9213
9.0,23,56.0,0.0,False,False,False,5808.076,86.714,1222,9213
10.0,2,56.0,0.0,False,False,False,5809.36,87.998,1222,9213
11.0,27,56.0,0.0,False,False,False,5811.266,89.904,1222,9213
12.0,77,56.0,0.0,False,False,False,5819.963,98.601,1222,9213
13.0,24,55.0,0.0,False,False,False,,+1 LAP,1222,9213
14.0,20,55.0,0.0,False,False,False,,+1 LAP,1222,9213
15.0,3,55.0,0.0,False,False,False,,+1 LAP,1222,9213
,14,49.0,0.0,True,False,False,,,1222,9213
,81,10.0,0.0,True,False,False,,,1222,9213
,31,6.0,0.0,True,False,False,,,1222,9213
1.0,1,71.0,25.0,False,False,False,7350.814,0,1223,9181
2.0,44,71.0,19.0,False,False,False,7364.689,13.875,1223,9181
3.0,16,71.0,15.0,False,False,False,7373.938,23.124,1223,9181
4.0,55,71.0,12.0,False,False,False,7377.968,27.154,1223,9181
5.0,4,71.0,10.0,False,False,False,7384.08,33.266,1223,9181
6.0,63,71.0,8.0,False,False,False,7391.834,41.02,1223,9181
7.0,3,71.0,6.0,False,False,False,7392.384,41.57,1223,9181
8.0,81,71.0,4.0,False,False,False,7393.918,43.104,1223,9181
9.0,23,71.0,2.0,False,False,False,7399.387,48.573,1223,9181
10.0,31,71.0,1.0,False,False,False,7413.693,62.879,1223,9181
11.0,10,71.0,0.0,False,False,False,7417.022,66.208,1223,9181
12.0,22,71.0,0.0,False,False,False,7429.796,78.982,1223,9181
13.0,27,71.0,0.0,False,False,False,7431.123,80.309,1223,9181
14.0,24,71.0,0.0,False,False,False,7432.49,81.676,1223,9181
15.0,77,71.0,0.0,False,False,False,7436.411,85.597,1223,9181
16.0,2,70.0,0.0,True,False,False,,,1223,9181
17.0,18,66.0,0.0,True,False,False,,,1223,9181
,14,47.0,0.0,True,False,False,,,1223,9181
,20,31.0,0.0,True,False,False,,,1223,9181
,11,1.0,0.0,True,False,False,,,1223,9181
1.0,1,71.0,25.0,False,False,False,7008.894,0,1224,9205
2.0,4,71.0,19.0,False,False,False,7017.171,8.277,1224,9205
3.0,14,71.0,15.0,False,False,False,7043.049,34.155,1224,9205
4.0,11,71.0,12.0,False,False,False,7043.102,34.208,1224,9205
5.0,18,71.0,10.0,False,False,False,7049.739,40.845,1224,9205
6.0,55,71.0,8.0,False,False,False,7059.082,50.188,1224,9205
7.0,10,71.0,6.0,False,False,False,7064.987,56.093,1224,9205
8.0,44,71.0,4.0,False,False,False,7071.753,62.859,1224,9205
9.0,22,71.0,2.0,False,False,False,7078.774,69.88,1224,9205
10.0,31,70.0,1.0,False,False,False,,+1 LAP,1224,9205
11.0,2,70.0,0.0,False,False,False,,+1 LAP,1224,9205
12.0,27,70.0,0.0,False,False,False,,+1 LAP,1224,9205
13.0,3,70.0,0.0,False,False,False,,+1 LAP,1224,9205
14.0,81,69.0,0.0,False,False,False,,+2 LAPS,1224,9205
,63,57.0,0.0,True,False,False,,,1224,9205
,77,39.0,0.0,True,False,False,,,1224,9205
,24,22.0,0.0,True,False,False,,,1224,9205
,20,0.0,0.0,True,False,False,,,1224,9205
,23,0.0,0.0,True,False,False,,,1224,9205
,16,0.0,0.0,False,True,False,,,1224,9205
1.0,1,50.0,25.0,False,False,False,5348.289,0,1225,9189
2.0,16,50.0,18.0,False,False,False,5350.359,2.07,1225,9189
3.0,11,50.0,15.0,False,False,False,5350.53,2.241,1225,9189
4.0,31,50.0,12.0,False,False,False,5366.954,18.665,1225,9189
5.0,18,50.0,10.0,False,False,False,5368.356,20.067,1225,9189
6.0,55,50.0,8.0,False,False,False,5369.123,20.834,1225,9189
7.0,44,50.0,6.0,False,False,False,5370.044,21.755,1225,9189
8.0,63,50.0,4.0,False,False,False,5371.38,23.091,1225,9189
9.0,14,50.0,2.0,False,False,False,5374.253,25.964,1225,9189
10.0,81,50.0,2.0,False,False,False,5377.785,29.496,1225,9189
11.0,10,50.0,0.0,False,False,False,5382.559,34.27,1225,9189
12.0,23,50.0,0.0,False,False,False,5391.687,43.398,1225,9189
13.0,20,50.0,0.0,False,False,False,5393.114,44.825,1225,9189
14.0,3,50.0,0.0,False,False,False,5396.814,48.525,1225,9189
15.0,24,50.0,0.0,False,False,False,5398.451,50.162,1225,9189
16.0,2,50.0,0.0,False,False,False,5399.171,50.882,1225,9189
17.0,77,50.0,0.0,False,False,False,5433.639,85.35,1225,9189
18.0,22,46.0,0.0,True,False,False,,,1225,9189
19.0,27,45.0,0.0,True,False,False,,,1225,9189
,4,2.0,0.0,True,False,False,,,1225,9189
1.0,1,58.0,26.0,False,False,False,5222.624,0,1226,9197
2.0,16,58.0,18.0,False,False,False,5240.617,17.993,1226,9197
3.0,63,58.0,15.0,False,False,False,5242.952,20.328,1226,9197
4.0,11,58.0,12.0,False,False,False,5244.077,21.453,1226,9197
5.0,4,58.0,10.0,False,False,False,5246.908,24.284,1226,9197
6.0,81,58.0,8.0,False,False,False,5254.111,31.487,1226,9197
7.0,14,58.0,6.0,False,False,False,5262.136,39.512,1226,9197
8.0,22,58.0,4.0,False,False,False,5265.712,43.088,1226,9197
9.0,44,58.0,2.0,False,False,False,5267.048,44.424,1226,9197
10.0,18,58.0,1.0,False,False,False,5278.256,55.632,1226,9197
11.0,3,58.0,0.0,False,False,False,5278.853,56.229,1226,9197
12.0,31,58.0,0.0,False,False,False,5288.997,66.373,1226,9197
13.0,10,58.0,0.0,False,False,False,5292.984,70.36,1226,9197
14.0,23,58.0,0.0,False,False,False,5295.808,73.184,1226,9197
15.0,27,58.0,0.0,False,False,False,5306.32,83.696,1226,9197
16.0,2,58.0,0.0,False,False,False,5310.415,87.791,1226,9197
17.0,24,58.0,0.0,False,False,False,5312.046,89.422,1226,9197
18.0,55,57.0,0.0,True,False,False,,,1226,9197
19.0,77,57.0,0.0,False,False,False,,+1 LAP,1226,9197
20.0,20,57.0,0.0,False,False,False,,+1 LAP,1226,9197
1.0,1,57.0,26.0,False,False,False,5504.742,0,1229,9472
2.0,11,57.0,18.0,False,False,False,5527.199,22.457,1229,9472
3.0,55,57.0,15.0,False,False,False,5529.852,25.11,1229,9472
4.0,16,57.0,12.0,False,False,False,5544.411,39.669,1229,9472
5.0,63,57.0,10.0,False,False,False,5551.53,46.788,1229,9472
6.0,4,57.0,8.0,False,False,False,5553.2,48.458,1229,9472
7.0,44,57.0,6.0,False,False,False,5555.066,50.324,1229,9472
8.0,81,57.0,4.0,False,False,False,5560.824,56.082,1229,9472
9.0,14,57.0,2.0,False,False,False,5579.629,74.887,1229,9472
10.0,18,57.0,1.0,False,False,False,5597.958,93.216,1229,9472
11.0,24,56.0,0.0,False,False,False,,+1 LAP,1229,9472
12.0,20,56.0,0.0,False,False,False,,+1 LAP,1229,9472
13.0,3,56.0,0.0,False,False,False,,+1 LAP,1229,9472
14.0,22,56.0,0.0,False,False,False,,+1 LAP,1229,9472
15.0,23,56.0,0.0,False,False,False,,+1 LAP,1229,9472
16.0,27,56.0,0.0,False,False,False,,+1 LAP,1229,9472
17.0,31,56.0,0.0,False,False,False,,+1 LAP,1229,9472
18.0,10,56.0,0.0,False,False,False,,+1 LAP,1229,9472
19.0,77,56.0,0.0,False,False,False,,+1 LAP,1229,9472
20.0,2,55.0,0.0,False,False,False,,+2 LAPS,1229,9472
1.0,1,50.0,25.0,False,False,False,4843.273,0,1230,9480
2.0,11,50.0,18.0,False,False,False,4856.916,13.643,1230,9480
3.0,16,50.0,16.0,False,False,False,4861.912,18.639,1230,9480
4.0,81,50.0,12.0,False,False,False,4875.28,32.007,1230,9480
5.0,14,50.0,10.0,False,False,False,4879.032,35.759,1230,9480
6.0,63,50.0,8.0,False,False,False,4883.209,39.936,1230,9480
7.0,38,50.0,6.0,False,False,False,4885.952,42.679,1230,9480
8.0,4,50.0,4.0,False,False,False,4888.981,45.708,1230,9480
9.0,44,50.0,2.0,False,False,False,4890.664,47.391,1230,9480
10.0,27,50.0,1.0,False,False,False,4920.269,76.996,1230,9480
11.0,23,50.0,0.0,False,False,False,4931.627,88.354,1230,9480
12.0,20,50.0,0.0,False,False,False,4949.01,105.737,1230,9480
13.0,31,49.0,0.0,False,False,False,,+1 LAP,1230,9480
14.0,2,49.0,0.0,False,False,False,,+1 LAP,1230,9480
15.0,22,49.0,0.0,False,False,False,,+1 LAP,1230,9480
16.0,3,49.0,0.0,False,False,False,,+1 LAP,1230,9480
17.0,77,49.0,0.0,False,False,False,,+1 LAP,1230,9480
18.0,24,49.0,0.0,False,False,False,,+1 LAP,1230,9480
,18,5.0,0.0,True,False,False,,,1230,9480
,10,1.0,0.0,True,False,False,,,1230,9480
1.0,55,58.0,25.0,False,False,False,4826.843,0,1231,9488
2.0,16,58.0,19.0,False,False,False,4829.209,2.366,1231,9488
3.0,4,58.0,15.0,False,False,False,4832.747,5.904,1231,9488
4.0,81,58.0,12.0,False,False,False,4862.613,35.77,1231,9488
5.0,11,58.0,10.0,False,False,False,4883.152,56.309,1231,9488
6.0,18,58.0,8.0,False,False,False,4920.065,93.222,1231,9488
7.0,22,58.0,6.0,False,False,False,4922.444,95.601,1231,9488
8.0,14,58.0,4.0,False,False,False,4927.835,100.992,1231,9488
9.0,27,58.0,2.0,False,False,False,4931.396,104.553,1231,9488
10.0,20,57.0,1.0,False,False,False,,+1 LAP,1231,9488
11.0,23,57.0,0.0,False,False,False,,+1 LAP,1231,9488
12.0,3,57.0,0.0,False,False,False,,+1 LAP,1231,9488
13.0,10,57.0,0.0,False,False,False,,+1 LAP,1231,9488
14.0,77,57.0,0.0,False,False,False,,+1 LAP,1231,9488
15.0,24,57.0,0.0,False,False,False,,+1 LAP,1231,9488
16.0,31,57.0,0.0,False,False,False,,+1 LAP,1231,9488
17.0,63,56.0,0.0,True,False,False,,,1231,9488
,44,15.0,0.0,True,False,False,,,1231,9488
,1,3.0,0.0,True,False,False,,,1231,9488
1.0,1,53.0,26.0,False,False,False,6863.566,0,1232,9496
2.0,11,53.0,18.0,False,False,False,6876.101,12.535,1232,9496
3.0,55,53.0,15.0,False,False,False,6884.432,20.866,1232,9496
4.0,16,53.0,12.0,False,False,False,6890.088,26.522,1232,9496
5.0,4,53.0,10.0,False,False,False,6893.266,29.7,1232,9496
6.0,14,53.0,8.0,False,False,False,6907.838,44.272,1232,9496
7.0,63,53.0,6.0,False,False,False,6909.517,45.951,1232,9496
8.0,81,53.0,4.0,False,False,False,6911.091,47.525,1232,9496
9.0,44,53.0,2.0,False,False,False,6912.192,48.626,1232,9496
10.0,22,52.0,1.0,False,False,False,,+1 LAP,1232,9496
11.0,27,52.0,0.0,False,False,False,,+1 LAP,1232,9496
12.0,18,52.0,0.0,False,False,False,,+1 LAP,1232,9496
13.0,20,52.0,0.0,False,False,False,,+1 LAP,1232,9496
14.0,77,52.0,0.0,False,False,False,,+1 LAP,1232,9496
15.0,31,52.0,0.0,False,False,False,,+1 LAP,1232,9496
16.0,10,52.0,0.0,False,False,False,,+1 LAP,1232,9496
17.0,2,52.0,0.0,False,False,False,,+1 LAP,1232,9496
,24,12.0,0.0,True,False,False,,,1232,9496
,3,0.0,0.0,True,False,False,,,1232,9496
,23,0.0,0.0,True,False,False,,,1232,9496
1.0,1,56.0,25.0,False,False,False,6052.554,0,1233,9673
2.0,4,56.0,18.0,False,False,False,6066.327,13.773,1233,9673
3.0,11,56.0,15.0,False,False,False,6071.714,19.16,1233,9673
4.0,16,56.0,12.0,False,False,False,6076.177,23.623,1233,9673
5.0,55,56.0,10.0,False,False,False,6086.537,33.983,1233,9673
6.0,63,56.0,8.0,False,False,False,6091.278,38.724,1233,9673
7.0,14,56.0,7.0,False,False,False,6095.968,43.414,1233,9673
8.0,81,56.0,4.0,False,False,False,6108.752,56.198,1233,9673
9.0,44,56.0,2.0,False,False,False,6110.54,57.986,1233,9673
10.0,27,56.0,1.0,False,False,False,6113.03,60.476,1233,9673
11.0,31,56.0,0.0,False,False,False,6115.366,62.812,1233,9673
12.0,23,56.0,0.0,False,False,False,6118.06,65.506,1233,9673
13.0,10,56.0,0.0,False,False,False,6121.777,69.223,1233,9673
14.0,24,56.0,0.0,False,False,False,6124.243,71.689,1233,9673
15.0,18,56.0,0.0,False,False,False,6135.34,82.786,1233,9673
16.0,20,56.0,0.0,False,False,False,6140.087,87.533,1233,9673
17.0,2,56.0,0.0,False,False,False,6147.664,95.11,1233,9673
,3,33.0,0.0,True,False,False,,,1233,9673
,22,26.0,0.0,True,False,False,,,1233,9673
,77,19.0,0.0,True,False,False,,,1233,9673
1.0,4,57.0,25.0,False,False,False,5449.876,0,1234,9507
2.0,1,57.0,18.0,False,False,False,5457.488,7.612,1234,9507
3.0,16,57.0,15.0,False,False,False,5459.796,9.92,1234,9507
4.0,11,57.0,12.0,False,False,False,5464.526,14.65,1234,9507
5.0,55,57.0,10.0,False,False,False,5466.283,16.407,1234,9507
6.0,44,57.0,8.0,False,False,False,5466.461,16.585,1234,9507
7.0,22,57.0,6.0,False,False,False,5476.061,26.185,1234,9507
8.0,63,57.0,4.0,False,False,False,5484.665,34.789,1234,9507
9.0,14,57.0,2.0,False,False,False,5486.983,37.107,1234,9507
10.0,31,57.0,1.0,False,False,False,5489.622,39.746,1234,9507
11.0,27,57.0,0.0,False,False,False,5490.665,40.789,1234,9507
12.0,10,57.0,0.0,False,False,False,5494.834,44.958,1234,9507
13.0,81,57.0,0.0,False,False,False,5499.632,49.756,1234,9507
14.0,24,57.0,0.0,False,False,False,5499.855,49.979,1234,9507
15.0,3,57.0,0.0,False,False,False,5500.832,50.956,1234,9507
16.0,77,57.0,0.0,False,False,False,5502.232,52.356,1234,9507
17.0,18,57.0,0.0,False,False,False,5505.049,55.173,1234,9507
18.0,23,57.0,0.0,False,False,False,5525.967,76.091,1234,9507
19.0,20,57.0,0.0,False,False,False,5534.559,84.683,1234,9507
,2,27.0,0.0,True,False,False,,,1234,9507
1.0,1,63.0,25.0,False,False,False,5125.252,0,1235,9515
2.0,4,63.0,18.0,False,False,False,5125.977,0.725,1235,9515
3.0,16,63.0,15.0,False,False,False,5133.168,7.916,1235,9515
4.0,81,63.0,12.0,False,False,False,5139.384,14.132,1235,9515
5.0,55,63.0,10.0,False,False,False,5147.577,22.325,1235,9515
6.0,44,63.0,8.0,False,False,False,5160.356,35.104,1235,9515
7.0,63,63.0,7.0,False,False,False,5172.406,47.154,1235,9515
8.0,11,63.0,4.0,False,False,False,5180.028,54.776,1235,9515
9.0,18,63.0,2.0,False,False,False,5204.808,79.556,1235,9515
10.0,22,62.0,1.0,False,False,False,,+1 LAP,1235,9515
11.0,27,62.0,0.0,False,False,False,,+1 LAP,1235,9515
12.0,20,62.0,0.0,False,False,False,,+1 LAP,1235,9515
13.0,3,62.0,0.0,False,False,False,,+1 LAP,1235,9515
14.0,31,62.0,0.0,False,False,False,,+1 LAP,1235,9515
15.0,24,62.0,0.0,False,False,False,,+1 LAP,1235,9515
16.0,10,62.0,0.0,False,False,False,,+1 LAP,1235,9515
17.0,2,62.0,0.0,False,False,False,,+1 LAP,1235,9515
18.0,77,62.0,0.0,False,False,False,,+1 LAP,1235,9515
19.0,14,62.0,0.0,False,False,False,,+1 LAP,1235,9515
,23,51.0,0.0,True,False,False,,,1235,9515
1.0,16,78.0,25.0,False,False,False,8595.554,0,1236,9523
2.0,81,78.0,18.0,False,False,False,8602.706,7.152,1236,9523
3.0,55,78.0,15.0,False,False,False,8603.139,7.585,1236,9523
4.0,4,78.0,12.0,False,False,False,8604.204,8.65,1236,9523
5.0,63,78.0,10.0,False,False,False,8608.863,13.309,1236,9523
6.0,1,78.0,8.0,False,False,False,8609.407,13.853,1236,9523
7.0,44,78.0,7.0,False,False,False,8610.462,14.908,1236,9523
8.0,22,77.0,4.0,False,False,False,,+1 LAP,1236,9523
9.0,23,77.0,2.0,False,False,False,,+1 LAP,1236,9523
10.0,10,77.0,1.0,False,False,False,,+1 LAP,1236,9523
11.0,14,76.0,0.0,False,False,False,,+2 LAPS,1236,9523
12.0,3,76.0,0.0,False,False,False,,+2 LAPS,1236,9523
13.0,77,76.0,0.0,False,False,False,,+2 LAPS,1236,9523
14.0,18,76.0,0.0,False,False,False,,+2 LAPS,1236,9523
15.0,2,76.0,0.0,False,False,False,,+2 LAPS,1236,9523
16.0,24,76.0,0.0,False,False,False,,+2 LAPS,1236,9523
,31,0.0,0.0,True,False,False,,,1236,9523
,11,0.0,0.0,True,False,False,,,1236,9523
,27,0.0,0.0,True,False,False,,,1236,9523
,20,0.0,0.0,True,False,False,,,1236,9523
1.0,1,70.0,25.0,False,False,False,6347.927,0,1237,9531
2.0,4,70.0,18.0,False,False,False,6351.806,3.879,1237,9531
3.0,63,70.0,15.0,False,False,False,6352.244,4.317,1237,9531
4.0,44,70.0,13.0,False,False,False,6352.842,4.915,1237,9531
5.0,81,70.0,10.0,False,False,False,6358.126,10.199,1237,9531
6.0,14,70.0,8.0,False,False,False,6365.437,17.51,1237,9531
7.0,18,70.0,6.0,False,False,False,6371.552,23.625,1237,9531
8.0,3,70.0,4.0,False,False,False,6376.599,28.672,1237,9531
9.0,10,70.0,2.0,False,False,False,6377.948,30.021,1237,9531
10.0,31,70.0,1.0,False,False,False,6378.24,30.313,1237,9531
11.0,27,70.0,0.0,False,False,False,6378.751,30.824,1237,9531
12.0,20,70.0,0.0,False,False,False,6379.18,31.253,1237,9531
13.0,77,70.0,0.0,False,False,False,6388.414,40.487,1237,9531
14.0,22,70.0,0.0,False,False,False,6400.621,52.694,1237,9531
15.0,24,69.0,0.0,False,False,False,,+1 LAP,1237,9531
,55,52.0,0.0,True,False,False,,,1237,9531
,23,52.0,0.0,True,False,False,,,1237,9531
,11,51.0,0.0,True,False,False,,,1237,9531
,16,40.0,0.0,True,False,False,,,1237,9531
,2,23.0,0.0,True,False,False,,,1237,9531
1.0,1,66.0,25.0,False,False,False,5300.227,0,1238,9539
2.0,4,66.0,19.0,False,False,False,5302.446,2.219,1238,9539
3.0,44,66.0,15.0,False,False,False,5318.017,17.79,1238,9539
4.0,63,66.0,12.0,False,False,False,5322.547,22.32,1238,9539
5.0,16,66.0,10.0,False,False,False,5322.936,22.709,1238,9539
6.0,55,66.0,8.0,False,False,False,5331.255,31.028,1238,9539
7.0,81,66.0,6.0,False,False,False,5333.987,33.76,1238,9539
8.0,11,66.0,4.0,False,False,False,5359.751,59.524,1238,9539
9.0,10,66.0,2.0,False,False,False,5362.252,62.025,1238,9539
10.0,31,66.0,1.0,False,False,False,5372.116,71.889,1238,9539
11.0,27,66.0,0.0,False,False,False,5379.442,79.215,1238,9539
12.0,14,65.0,0.0,False,False,False,,+1 LAP,1238,9539
13.0,24,65.0,0.0,False,False,False,,+1 LAP,1238,9539
14.0,18,65.0,0.0,False,False,False,,+1 LAP,1238,9539
15.0,3,65.0,0.0,False,False,False,,+1 LAP,1238,9539
16.0,77,65.0,0.0,False,False,False,,+1 LAP,1238,9539
17.0,20,65.0,0.0,False,False,False,,+1 LAP,1238,9539
18.0,23,65.0,0.0,False,False,False,,+1 LAP,1238,9539
19.0,22,65.0,0.0,False,False,False,,+1 LAP,1238,9539
20.0,2,64.0,0.0,False,False,False,,+2 LAPS,1238,9539
1.0,63,71.0,25.0,False,False,False,5062.798,0,1239,9550
2.0,81,71.0,18.0,False,False,False,5064.704,1.906,1239,9550
3.0,55,71.0,15.0,False,False,False,5067.331,4.533,1239,9550
4.0,44,71.0,12.0,False,False,False,5085.94,23.142,1239,9550
5.0,1,71.0,10.0,False,False,False,5100.051,37.253,1239,9550
6.0,27,71.0,8.0,False,False,False,5116.886,54.088,1239,9550
7.0,11,71.0,6.0,False,False,False,5117.47,54.672,1239,9550
8.0,20,71.0,4.0,False,False,False,5123.153,60.355,1239,9550
9.0,3,71.0,2.0,False,False,False,5123.967,61.169,1239,9550
10.0,10,71.0,1.0,False,False,False,5124.564,61.766,1239,9550
11.0,16,71.0,0.0,False,False,False,5129.854,67.056,1239,9550
12.0,31,71.0,0.0,False,False,False,5131.123,68.325,1239,9550
13.0,18,70.0,0.0,False,False,False,,+1 LAP,1239,9550
14.0,22,70.0,0.0,False,False,False,,+1 LAP,1239,9550
15.0,23,70.0,0.0,False,False,False,,+1 LAP,1239,9550
16.0,77,70.0,0.0,False,False,False,,+1 LAP,1239,9550
17.0,24,70.0,0.0,False,False,False,,+1 LAP,1239,9550
18.0,14,70.0,0.0,False,False,False,,+1 LAP,1239,9550
19.0,2,69.0,0.0,False,False,False,,+2 LAPS,1239,9550
20.0,4,64.0,0.0,False,False,False,,+7 LAPS,1239,9550
1.0,44,52.0,25.0,False,False,False,4947.059,0,1240,9558
2.0,1,52.0,18.0,False,False,False,4948.524,1.465,1240,9558
3.0,4,52.0,15.0,False,False,False,4954.606,7.547,1240,9558
4.0,81,52.0,12.0,False,False,False,4959.488,12.429,1240,9558
5.0,55,52.0,11.0,False,False,False,4994.377,47.318,1240,9558
6.0,27,52.0,8.0,False,False,False,5002.781,55.722,1240,9558
7.0,18,52.0,6.0,False,False,False,5003.628,56.569,1240,9558
8.0,14,52.0,4.0,False,False,False,5010.636,63.577,1240,9558
9.0,23,52.0,2.0,False,False,False,5015.446,68.387,1240,9558
10.0,22,52.0,1.0,False,False,False,5026.362,79.303,1240,9558
11.0,2,52.0,0.0,False,False,False,5036.019,88.96,1240,9558
12.0,20,52.0,0.0,False,False,False,5037.212,90.153,1240,9558
13.0,3,51.0,0.0,False,False,False,,+1 LAP,1240,9558
14.0,16,51.0,0.0,False,False,False,,+1 LAP,1240,9558
15.0,77,51.0,0.0,False,False,False,,+1 LAP,1240,9558
16.0,31,50.0,0.0,False,False,False,,+2 LAPS,1240,9558
17.0,11,50.0,0.0,False,False,False,,+2 LAPS,1240,9558
18.0,24,50.0,0.0,False,False,False,,+2 LAPS,1240,9558
,63,33.0,0.0,True,False,False,,,1240,9558
,10,0.0,0.0,False,True,False,,,1240,9558
1.0,81,70.0,25.0,False,False,False,5881.989,0,1241,9566
2.0,4,70.0,18.0,False,False,False,5884.13,2.141,1241,9566
3.0,44,70.0,15.0,False,False,False,5896.869,14.88,1241,9566
4.0,16,70.0,12.0,False,False,False,5901.675,19.686,1241,9566
5.0,1,70.0,10.0,False,False,False,5903.338,21.349,1241,9566
6.0,55,70.0,8.0,False,False,False,5905.062,23.073,1241,9566
7.0,11,70.0,6.0,False,False,False,5921.781,39.792,1241,9566
8.0,63,70.0,5.0,False,False,False,5924.357,42.368,1241,9566
9.0,22,70.0,2.0,False,False,False,5959.248,77.259,1241,9566
10.0,18,70.0,1.0,False,False,False,5959.965,77.976,1241,9566
11.0,14,70.0,0.0,False,False,False,5964.449,82.46,1241,9566
12.0,3,69.0,0.0,False,False,False,,+1 LAP,1241,9566
13.0,27,69.0,0.0,False,False,False,,+1 LAP,1241,9566
14.0,23,69.0,0.0,False,False,False,,+1 LAP,1241,9566
15.0,20,69.0,0.0,False,False,False,,+1 LAP,1241,9566
16.0,77,69.0,0.0,False,False,False,,+1 LAP,1241,9566
17.0,2,69.0,0.0,False,False,False,,+1 LAP,1241,9566
18.0,31,69.0,0.0,False,False,False,,+1 LAP,1241,9566
19.0,24,69.0,0.0,False,False,False,,+1 LAP,1241,9566
,10,33.0,0.0,True,False,False,,,1241,9566
1.0,44,44.0,25.0,False,False,False,4797.566,0,1242,9574
2.0,81,44.0,18.0,False,False,False,4798.213,0.647,1242,9574
3.0,16,44.0,15.0,False,False,False,4805.589,8.023,1242,9574
4.0,1,44.0,12.0,False,False,False,4806.266,8.7,1242,9574
5.0,4,44.0,10.0,False,False,False,4806.89,9.324,1242,9574
6.0,55,44.0,8.0,False,False,False,4816.835,19.269,1242,9574
7.0,11,44.0,7.0,False,False,False,4840.235,42.669,1242,9574
8.0,14,44.0,4.0,False,False,False,4847.003,49.437,1242,9574
9.0,31,44.0,2.0,False,False,False,4849.592,52.026,1242,9574
10.0,3,44.0,1.0,False,False,False,4851.966,54.4,1242,9574
11.0,18,44.0,0.0,False,False,False,4860.051,62.485,1242,9574
12.0,23,44.0,0.0,False,False,False,4860.691,63.125,1242,9574
13.0,10,44.0,0.0,False,False,False,4861.405,63.839,1242,9574
14.0,20,44.0,0.0,False,False,False,4863.671,66.105,1242,9574
15.0,77,44.0,0.0,False,False,False,4867.678,70.112,1242,9574
16.0,22,44.0,0.0,False,False,False,4873.777,76.211,1242,9574
17.0,2,44.0,0.0,False,False,False,4883.097,85.531,1242,9574
18.0,27,44.0,0.0,False,False,False,4885.873,88.307,1242,9574
,24,5.0,0.0,True,False,False,,,1242,9574
,63,44.0,0.0,False,False,True,4797.04,,1242,9574
1.0,4,72.0,26.0,False,False,False,5445.519,0,1243,9582
2.0,1,72.0,18.0,False,False,False,5468.415,22.896,1243,9582
3.0,16,72.0,15.0,False,False,False,5470.958,25.439,1243,9582
4.0,81,72.0,12.0,False,False,False,5472.856,27.337,1243,9582
5.0,55,72.0,10.0,False,False,False,5477.656,32.137,1243,9582
6.0,11,72.0,8.0,False,False,False,5485.061,39.542,1243,9582
7.0,63,72.0,6.0,False,False,False,5490.136,44.617,1243,9582
8.0,44,72.0,4.0,False,False,False,5495.118,49.599,1243,9582
9.0,10,71.0,2.0,False,False,False,,+1 LAP,1243,9582
10.0,14,71.0,1.0,False,False,False,,+1 LAP,1243,9582
11.0,27,71.0,0.0,False,False,False,,+1 LAP,1243,9582
12.0,3,71.0,0.0,False,False,False,,+1 LAP,1243,9582
13.0,18,71.0,0.0,False,False,False,,+1 LAP,1243,9582
14.0,23,71.0,0.0,False,False,False,,+1 LAP,1243,9582
15.0,31,71.0,0.0,False,False,False,,+1 LAP,1243,9582
16.0,2,71.0,0.0,False,False,False,,+1 LAP,1243,9582
17.0,22,71.0,0.0,False,False,False,,+1 LAP,1243,9582
18.0,20,71.0,0.0,False,False,False,,+1 LAP,1243,9582
19.0,77,70.0,0.0,False,False,False,,+2 LAPS,1243,9582
20.0,24,70.0,0.0,False,False,False,,+2 LAPS,1243,9582
1.0,4,62.0,25.0,False,False,False,6052.571,0,1246,9606
2.0,1,62.0,18.0,False,False,False,6073.516,20.945,1246,9606
3.0,81,62.0,15.0,False,False,False,6094.394,41.823,1246,9606
4.0,63,62.0,12.0,False,False,False,6113.611,61.04,1246,9606
5.0,16,62.0,10.0,False,False,False,6115.001,62.43,1246,9606
6.0,44,62.0,8.0,False,False,False,6137.819,85.248,1246,9606
7.0,55,62.0,6.0,False,False,False,6148.61,96.039,1246,9606
8.0,14,61.0,4.0,False,False,False,,+1 LAP,1246,9606
9.0,27,61.0,2.0,False,False,False,,+1 LAP,1246,9606
10.0,11,61.0,1.0,False,False,False,,+1 LAP,1246,9606
11.0,43,61.0,0.0,False,False,False,,+1 LAP,1246,9606
12.0,22,61.0,0.0,False,False,False,,+1 LAP,1246,9606
13.0,31,61.0,0.0,False,False,False,,+1 LAP,1246,9606
14.0,18,61.0,0.0,False,False,False,,+1 LAP,1246,9606
15.0,24,61.0,0.0,False,False,False,,+1 LAP,1246,9606
16.0,77,61.0,0.0,False,False,False,,+1 LAP,1246,9606
17.0,10,61.0,0.0,False,False,False,,+1 LAP,1246,9606
18.0,3,61.0,0.0,False,False,False,,+1 LAP,1246,9606
19.0,20,57.0,0.0,True,False,False,,,1246,9606
,23,15.0,0.0,True,False,False,,,1246,9606
1.0,16,56.0,25.0,False,False,False,5709.639,0,1247,9617
2.0,55,56.0,18.0,False,False,False,5718.201,8.562,1247,9617
3.0,1,56.0,15.0,False,False,False,5729.051,19.412,1247,9617
4.0,4,56.0,12.0,False,False,False,5729.993,20.354,1247,9617
5.0,81,56.0,10.0,False,False,False,5731.56,21.921,1247,9617
6.0,63,56.0,8.0,False,False,False,5765.934,56.295,1247,9617
7.0,11,56.0,6.0,False,False,False,5768.711,59.072,1247,9617
8.0,27,56.0,4.0,False,False,False,5772.596,62.957,1247,9617
9.0,30,56.0,2.0,False,False,False,5780.202,70.563,1247,9617
10.0,43,56.0,1.0,False,False,False,5781.618,71.979,1247,9617
11.0,20,56.0,0.0,False,False,False,5789.421,79.782,1247,9617
12.0,10,56.0,0.0,False,False,False,5800.197,90.558,1247,9617
13.0,14,55.0,0.0,False,False,False,,+1 LAP,1247,9617
14.0,22,55.0,0.0,False,False,False,,+1 LAP,1247,9617
15.0,18,55.0,0.0,False,False,False,,+1 LAP,1247,9617
16.0,23,55.0,0.0,False,False,False,,+1 LAP,1247,9617
17.0,77,55.0,0.0,False,False,False,,+1 LAP,1247,9617
18.0,31,55.0,0.0,False,False,False,,+1 LAP,1247,9617
19.0,24,55.0,0.0,False,False,False,,+1 LAP,1247,9617
,44,1.0,0.0,True,False,False,,,1247,9617
1.0,55,71.0,25.0,False,False,False,6055.8,0,1248,9625
2.0,4,71.0,18.0,False,False,False,6060.505,4.705,1248,9625
3.0,16,71.0,16.0,False,False,False,6090.187,34.387,1248,9625
4.0,44,71.0,12.0,False,False,False,6100.58,44.78,1248,9625
5.0,63,71.0,10.0,False,False,False,6104.336,48.536,1248,9625
6.0,1,71.0,8.0,False,False,False,6115.358,59.558,1248,9625
7.0,20,71.0,6.0,False,False,False,6119.442,63.642,1248,9625
8.0,81,71.0,4.0,False,False,False,6120.728,64.928,1248,9625
9.0,27,70.0,2.0,False,False,False,,+1 LAP,1248,9625
10.0,10,70.0,1.0,False,False,False,,+1 LAP,1248,9625
11.0,18,70.0,0.0,False,False,False,,+1 LAP,1248,9625
12.0,43,70.0,0.0,False,False,False,,+1 LAP,1248,9625
13.0,31,70.0,0.0,False,False,False,,+1 LAP,1248,9625
14.0,77,70.0,0.0,False,False,False,,+1 LAP,1248,9625
15.0,24,70.0,0.0,False,False,False,,+1 LAP,1248,9625
16.0,30,70.0,0.0,False,False,False,,+1 LAP,1248,9625
17.0,11,70.0,0.0,False,False,False,,+1 LAP,1248,9625
,14,15.0,0.0,True,False,False,,,1248,9625
,23,0.0,0.0,True,False,False,,,1248,9625
,22,0.0,0.0,True,False,False,,,1248,9625
1.0,1,69.0,26.0,False,False,False,7614.43,0,1249,9636
2.0,31,69.0,18.0,False,False,False,7633.907,19.477,1249,9636
3.0,10,69.0,15.0,False,False,False,7636.962,22.532,1249,9636
4.0,63,69.0,12.0,False,False,False,7637.695,23.265,1249,9636
5.0,16,69.0,10.0,False,False,False,7644.607,30.177,1249,9636
6.0,4,69.0,8.0,False,False,False,7645.802,31.372,1249,9636
7.0,22,69.0,6.0,False,False,False,7656.486,42.056,1249,9636
8.0,81,69.0,4.0,False,False,False,7659.373,44.943,1249,9636
9.0,30,69.0,2.0,False,False,False,7664.882,50.452,1249,9636
10.0,44,69.0,1.0,False,False,False,7665.183,50.753,1249,9636
11.0,11,69.0,0.0,False,False,False,7665.961,51.531,1249,9636
12.0,50,69.0,0.0,False,False,False,7671.515,57.085,1249,9636
13.0,77,69.0,0.0,False,False,False,7678.018,63.588,1249,9636
14.0,14,69.0,0.0,False,False,False,7692.479,78.049,1249,9636
15.0,24,69.0,0.0,False,False,False,7694.079,79.649,1249,9636
,55,38.0,0.0,True,False,False,,,1249,9636
,43,30.0,0.0,True,False,False,,,1249,9636
,23,0.0,0.0,False,True,False,,,1249,9636
,18,0.0,0.0,False,True,False,,,1249,9636
,27,,0.0,False,False,True,,,1249,9636
1.0,63,50.0,25.0,False,False,False,4925.969,0,1250,9644
2.0,44,50.0,18.0,False,False,False,4933.282,7.313,1250,9644
3.0,55,50.0,15.0,False,False,False,4937.875,11.906,1250,9644
4.0,16,50.0,12.0,False,False,False,4940.252,14.283,1250,9644
5.0,1,50.0,10.0,False,False,False,4942.551,16.582,1250,9644
6.0,4,50.0,9.0,False,False,False,4969.354,43.385,1250,9644
7.0,81,50.0,6.0,False,False,False,4977.334,51.365,1250,9644
8.0,27,50.0,4.0,False,False,False,4985.777,59.808,1250,9644
9.0,22,50.0,2.0,False,False,False,4988.777,62.808,1250,9644
10.0,11,50.0,1.0,False,False,False,4989.083,63.114,1250,9644
11.0,14,50.0,0.0,False,False,False,4995.164,69.195,1250,9644
12.0,20,50.0,0.0,False,False,False,4995.772,69.803,1250,9644
13.0,24,50.0,0.0,False,False,False,5000.054,74.085,1250,9644
14.0,43,50.0,0.0,False,False,False,5001.141,75.172,1250,9644
15.0,18,50.0,0.0,False,False,False,5010.071,84.102,1250,9644
16.0,30,50.0,0.0,False,False,False,5016.974,91.005,1250,9644
17.0,31,49.0,0.0,False,False,False,,+1 LAP,1250,9644
18.0,77,49.0,0.0,False,False,False,,+1 LAP,1250,9644
,23,25.0,0.0,True,False,False,,,1250,9644
,10,15.0,0.0,True,False,False,,,1250,9644
1.0,1,57.0,25.0,False,False,False,5465.323,0,1251,9655
2.0,16,57.0,18.0,False,False,False,5471.354,6.031,1251,9655
3.0,81,57.0,15.0,False,False,False,5472.142,6.819,1251,9655
4.0,63,57.0,12.0,False,False,False,5479.427,14.104,1251,9655
5.0,10,57.0,10.0,False,False,False,5482.105,16.782,1251,9655
6.0,55,57.0,8.0,False,False,False,5482.799,17.476,1251,9655
7.0,14,57.0,6.0,False,False,False,5485.19,19.867,1251,9655
8.0,24,57.0,4.0,False,False,False,5490.683,25.36,1251,9655
9.0,20,57.0,2.0,False,False,False,5497.5,32.177,1251,9655
10.0,4,57.0,2.0,False,False,False,5501.085,35.762,1251,9655
11.0,77,57.0,0.0,False,False,False,5515.566,50.243,1251,9655
12.0,44,57.0,0.0,False,False,False,5521.445,56.122,1251,9655
13.0,22,57.0,0.0,False,False,False,5526.423,61.1,1251,9655
14.0,30,57.0,0.0,False,False,False,5527.979,62.656,1251,9655
15.0,23,56.0,0.0,False,False,False,,+1 LAP,1251,9655
,27,39.0,0.0,True,False,False,,,1251,9655
,11,38.0,0.0,True,False,False,,,1251,9655
,18,8.0,0.0,True,False,False,,,1251,9655
,43,0.0,0.0,True,False,False,,,1251,9655
,31,0.0,0.0,True,False,False,,,1251,9655
1.0,4,58.0,25.0,False,False,False,5193.291,0,1252,9662
2.0,55,58.0,18.0,False,False,False,5199.123,5.832,1252,9662
3.0,16,58.0,15.0,False,False,False,5225.219,31.928,1252,9662
4.0,44,58.0,12.0,False,False,False,5229.774,36.483,1252,9662
5.0,63,58.0,10.0,False,False,False,5230.829,37.538,1252,9662
6.0,1,58.0,8.0,False,False,False,5243.138,49.847,1252,9662
7.0,10,58.0,6.0,False,False,False,5265.851,72.56,1252,9662
8.0,27,58.0,4.0,False,False,False,5268.845,75.554,1252,9662
9.0,14,58.0,2.0,False,False,False,5275.664,82.373,1252,9662
10.0,81,58.0,1.0,False,False,False,5277.112,83.821,1252,9662
11.0,23,57.0,0.0,False,False,False,,+1 LAP,1252,9662
12.0,22,57.0,0.0,False,False,False,,+1 LAP,1252,9662
13.0,24,57.0,0.0,False,False,False,,+1 LAP,1252,9662
14.0,18,57.0,0.0,False,False,False,,+1 LAP,1252,9662
15.0,61,57.0,0.0,False,False,False,,+1 LAP,1252,9662
16.0,20,57.0,0.0,False,False,False,,+1 LAP,1252,9662
17.0,30,55.0,0.0,True,False,False,,,1252,9662
,77,30.0,0.0,True,False,False,,,1252,9662
,43,26.0,0.0,True,False,False,,,1252,9662
,11,0.0,0.0,True,False,False,,,1252,9662
1.0,4,57.0,25.0,False,False,False,6126.304,0,1254,9693
2.0,1,57.0,18.0,False,False,False,6127.199,0.895,1254,9693
3.0,63,57.0,15.0,False,False,False,6134.785,8.481,1254,9693
4.0,12,57.0,12.0,False,False,False,6136.439,10.135,1254,9693
5.0,23,57.0,10.0,False,False,False,6139.077,12.773,1254,9693
6.0,18,57.0,8.0,False,False,False,6143.717,17.413,1254,9693
7.0,27,57.0,6.0,False,False,False,6144.727,18.423,1254,9693
8.0,16,57.0,4.0,False,False,False,6146.13,19.826,1254,9693
9.0,81,57.0,2.0,False,False,False,6146.752,20.448,1254,9693
10.0,44,57.0,1.0,False,False,False,6148.777,22.473,1254,9693
11.0,10,57.0,0.0,False,False,False,6152.806,26.502,1254,9693
12.0,22,57.0,0.0,False,False,False,6156.188,29.884,1254,9693
13.0,31,57.0,0.0,False,False,False,6159.465,33.161,1254,9693
14.0,87,57.0,0.0,False,False,False,6166.655,40.351,1254,9693
,30,46.0,0.0,True,False,False,,,1254,9693
,5,45.0,0.0,True,False,False,,,1254,9693
,14,32.0,0.0,True,False,False,,,1254,9693
,55,0.0,0.0,True,False,False,,,1254,9693
,7,0.0,0.0,True,False,False,,,1254,9693
,6,0.0,0.0,False,True,False,,,1254,9693
1.0,81,56.0,25.0,False,False,False,5455.026,0,1255,9998
2.0,4,56.0,18.0,False,False,False,5464.774,9.748,1255,9998
3.0,63,56.0,15.0,False,False,False,5466.123,11.097,1255,9998
4.0,1,56.0,12.0,False,False,False,5471.682,16.656,1255,9998
5.0,31,56.0,10.0,False,False,False,5504.995,49.969,1255,9998
6.0,12,56.0,8.0,False,False,False,5508.774,53.748,1255,9998
7.0,23,56.0,6.0,False,False,False,5511.347,56.321,1255,9998
8.0,87,56.0,4.0,False,False,False,5516.329,61.303,1255,9998
9.0,18,56.0,2.0,False,False,False,5525.23,70.204,1255,9998
10.0,55,56.0,1.0,False,False,False,5531.413,76.387,1255,9998
11.0,6,56.0,0.0,False,False,False,5533.901,78.875,1255,9998
12.0,30,56.0,0.0,False,False,False,5536.173,81.147,1255,9998
13.0,7,56.0,0.0,False,False,False,5543.427,88.401,1255,9998
14.0,5,55.0,0.0,False,False,False,,+1 LAP,1255,9998
15.0,27,55.0,0.0,False,False,False,,+1 LAP,1255,9998
16.0,22,55.0,0.0,False,False,False,,+1 LAP,1255,9998
,14,4.0,0.0,True,False,False,,,1255,9998
,16,,0.0,False,False,True,,,1255,9998
,44,,0.0,False,False,True,,,1255,9998
,10,,0.0,False,False,True,,,1255,9998
1.0,1,53.0,25.0,False,False,False,4926.983,0,1256,10006
2.0,4,53.0,18.0,False,False,False,4928.406,1.423,1256,10006
3.0,81,53.0,15.0,False,False,False,4929.112,2.129,1256,10006
4.0,16,53.0,12.0,False,False,False,4943.08,16.097,1256,10006
5.0,63,53.0,10.0,False,False,False,4944.345,17.362,1256,10006
6.0,12,53.0,8.0,False,False,False,4945.654,18.671,1256,10006
7.0,44,53.0,6.0,False,False,False,4956.165,29.182,1256,10006
8.0,6,53.0,4.0,False,False,False,4964.117,37.134,1256,10006
9.0,23,53.0,2.0,False,False,False,4967.35,40.367,1256,10006
10.0,87,53.0,1.0,False,False,False,4981.512,54.529,1256,10006
11.0,14,53.0,0.0,False,False,False,4984.316,57.333,1256,10006
12.0,22,53.0,0.0,False,False,False,4985.384,58.401,1256,10006
13.0,10,53.0,0.0,False,False,False,4989.105,62.122,1256,10006
14.0,55,53.0,0.0,False,False,False,5001.112,74.129,1256,10006
15.0,7,53.0,0.0,False,False,False,5008.297,81.314,1256,10006
16.0,27,53.0,0.0,False,False,False,5008.94,81.957,1256,10006
17.0,30,53.0,0.0,False,False,False,5009.717,82.734,1256,10006
18.0,31,53.0,0.0,False,False,False,5010.421,83.438,1256,10006
19.0,5,53.0,0.0,False,False,False,5010.88,83.897,1256,10006
20.0,18,52.0,0.0,False,False,False,,+1 LAP,1256,10006
1.0,81,57.0,25.0,False,False,False,5739.435,0,1257,10014
2.0,63,57.0,18.0,False,False,False,5754.934,15.499,1257,10014
3.0,4,57.0,15.0,False,False,False,5755.708,16.273,1257,10014
4.0,16,57.0,12.0,False,False,False,5759.114,19.679,1257,10014
5.0,44,57.0,10.0,False,False,False,5767.428,27.993,1257,10014
6.0,1,57.0,8.0,False,False,False,5773.83,34.395,1257,10014
7.0,10,57.0,6.0,False,False,False,5775.437,36.002,1257,10014
8.0,31,57.0,4.0,False,False,False,5783.679,44.244,1257,10014
9.0,22,57.0,2.0,False,False,False,5784.496,45.061,1257,10014
10.0,87,57.0,1.0,False,False,False,5787.029,47.594,1257,10014
11.0,12,57.0,0.0,False,False,False,5787.451,48.016,1257,10014
12.0,23,57.0,0.0,False,False,False,5788.274,48.839,1257,10014
13.0,6,57.0,0.0,False,False,False,5795.749,56.314,1257,10014
14.0,7,57.0,0.0,False,False,False,5797.241,57.806,1257,10014
15.0,14,57.0,0.0,False,False,False,5799.775,60.34,1257,10014
16.0,30,57.0,0.0,False,False,False,5803.87,64.435,1257,10014
17.0,18,57.0,0.0,False,False,False,5804.924,65.489,1257,10014
18.0,5,57.0,0.0,False,False,False,5806.307,66.872,1257,10014
,55,45.0,0.0,True,False,False,,,1257,10014
,27,,0.0,False,False,True,,,1257,10014
1.0,81,50.0,25.0,False,False,False,4866.758,0,1258,10022
2.0,1,50.0,18.0,False,False,False,4869.601,2.843,1258,10022
3.0,16,50.0,15.0,False,False,False,4874.862,8.104,1258,10022
4.0,4,50.0,12.0,False,False,False,4875.954,9.196,1258,10022
5.0,63,50.0,10.0,False,False,False,4893.994,27.236,1258,10022
6.0,12,50.0,8.0,False,False,False,4901.446,34.688,1258,10022
7.0,44,50.0,6.0,False,False,False,4905.831,39.073,1258,10022
8.0,55,50.0,4.0,False,False,False,4931.388,64.63,1258,10022
9.0,23,50.0,2.0,False,False,False,4933.273,66.515,1258,10022
10.0,6,50.0,1.0,False,False,False,4933.849,67.091,1258,10022
11.0,14,50.0,0.0,False,False,False,4942.675,75.917,1258,10022
12.0,30,50.0,0.0,False,False,False,4945.209,78.451,1258,10022
13.0,87,50.0,0.0,False,False,False,4945.952,79.194,1258,10022
14.0,31,50.0,0.0,False,False,False,4966.481,99.723,1258,10022
15.0,27,49.0,0.0,False,False,False,,+1 LAP,1258,10022
16.0,18,49.0,0.0,False,False,False,,+1 LAP,1258,10022
17.0,7,49.0,0.0,False,False,False,,+1 LAP,1258,10022
18.0,5,49.0,0.0,False,False,False,,+1 LAP,1258,10022
,22,1.0,0.0,True,False,False,,,1258,10022
,10,0.0,0.0,True,False,False,,,1258,10022
1.0,81,57.0,25.0,False,False,False,5331.587,0,1259,10033
2.0,4,57.0,18.0,False,False,False,5336.217,4.63,1259,10033
3.0,63,57.0,15.0,False,False,False,5369.231,37.644,1259,10033
4.0,1,57.0,12.0,False,False,False,5371.543,39.956,1259,10033
5.0,23,57.0,10.0,False,False,False,5379.654,48.067,1259,10033
6.0,12,57.0,8.0,False,False,False,5387.089,55.502,1259,10033
7.0,16,57.0,6.0,False,False,False,5388.623,57.036,1259,10033
8.0,44,57.0,4.0,False,False,False,5391.773,60.186,1259,10033
9.0,55,57.0,2.0,False,False,False,5392.164,60.577,1259,10033
10.0,22,57.0,1.0,False,False,False,5406.021,74.434,1259,10033
11.0,6,57.0,0.0,False,False,False,5406.189,74.602,1259,10033
12.0,31,57.0,0.0,False,False,False,5413.593,82.006,1259,10033
13.0,10,57.0,0.0,False,False,False,5422.032,90.445,1259,10033
14.0,27,56.0,0.0,False,False,False,,+1 LAP,1259,10033
15.0,14,56.0,0.0,False,False,False,,+1 LAP,1259,10033
16.0,18,56.0,0.0,False,False,False,,+1 LAP,1259,10033
,30,36.0,0.0,True,False,False,,,1259,10033
,5,30.0,0.0,True,False,False,,,1259,10033
,87,27.0,0.0,True,False,False,,,1259,10033
,7,0.0,0.0,True,False,False,,,1259,10033
1.0,1,63.0,25.0,False,False,False,5493.199,0,1260,9987
2.0,4,63.0,18.0,False,False,False,5499.308,6.109,1260,9987
3.0,81,63.0,15.0,False,False,False,5506.155,12.956,1260,9987
4.0,44,63.0,12.0,False,False,False,5507.555,14.356,1260,9987
5.0,23,63.0,10.0,False,False,False,5511.144,17.945,1260,9987
6.0,16,63.0,8.0,False,False,False,5513.973,20.774,1260,9987
7.0,63,63.0,6.0,False,False,False,5515.233,22.034,1260,9987
8.0,55,63.0,4.0,False,False,False,5516.097,22.898,1260,9987
9.0,6,63.0,2.0,False,False,False,5516.785,23.586,1260,9987
10.0,22,63.0,1.0,False,False,False,5519.645,26.446,1260,9987
11.0,14,63.0,0.0,False,False,False,5520.449,27.25,1260,9987
12.0,27,63.0,0.0,False,False,False,5523.495,30.296,1260,9987
13.0,10,63.0,0.0,False,False,False,5524.623,31.424,1260,9987
14.0,30,63.0,0.0,False,False,False,5525.71,32.511,1260,9987
15.0,18,63.0,0.0,False,False,False,5526.192,32.993,1260,9987
16.0,43,63.0,0.0,False,False,False,5526.61,33.411,1260,9987
17.0,87,63.0,0.0,False,False,False,5527.007,33.808,1260,9987
18.0,5,63.0,0.0,False,False,False,5531.771,38.572,1260,9987
,12,44.0,0.0,True,False,False,,,1260,9987
,31,27.0,0.0,True,False,False,,,1260,9987
1.0,4,78.0,25.0,False,False,False,6033.843,0,1261,9979
2.0,16,78.0,18.0,False,False,False,6036.974,3.131,1261,9979
3.0,81,78.0,15.0,False,False,False,6037.501,3.658,1261,9979
4.0,1,78.0,12.0,False,False,False,6054.415,20.572,1261,9979
5.0,44,78.0,10.0,False,False,False,6085.23,51.387,1261,9979
6.0,6,77.0,8.0,False,False,False,,+1 LAP,1261,9979
7.0,31,77.0,6.0,False,False,False,,+1 LAP,1261,9979
8.0,30,77.0,4.0,False,False,False,,+1 LAP,1261,9979
9.0,23,76.0,2.0,False,False,False,,+2 LAPS,1261,9979
10.0,55,76.0,1.0,False,False,False,,+2 LAPS,1261,9979
11.0,63,76.0,0.0,False,False,False,,+2 LAPS,1261,9979
12.0,87,76.0,0.0,False,False,False,,+2 LAPS,1261,9979
13.0,43,76.0,0.0,False,False,False,,+2 LAPS,1261,9979
14.0,5,76.0,0.0,False,False,False,,+2 LAPS,1261,9979
15.0,18,76.0,0.0,False,False,False,,+2 LAPS,1261,9979
16.0,27,76.0,0.0,False,False,False,,+2 LAPS,1261,9979
17.0,22,76.0,0.0,False,False,False,,+2 LAPS,1261,9979
18.0,12,75.0,0.0,False,False,False,,+3 LAPS,1261,9979
,14,36.0,0.0,True,False,False,,,1261,9979
,10,7.0,0.0,True,False,False,,,1261,9979
1.0,81,66.0,25.0,False,False,False,5577.375,0,1262,9971
2.0,4,66.0,18.0,False,False,False,5579.846,2.471,1262,9971
3.0,16,66.0,15.0,False,False,False,5587.83,10.455,1262,9971
4.0,63,66.0,12.0,False,False,False,5588.734,11.359,1262,9971
5.0,27,66.0,10.0,False,False,False,5591.023,13.648,1262,9971
6.0,44,66.0,8.0,False,False,False,5592.883,15.508,1262,9971
7.0,6,66.0,6.0,False,False,False,5593.397,16.022,1262,9971
8.0,10,66.0,4.0,False,False,False,5595.257,17.882,1262,9971
9.0,14,66.0,2.0,False,False,False,5598.939,21.564,1262,9971
10.0,1,66.0,1.0,False,False,False,5599.201,21.826,1262,9971
11.0,30,66.0,0.0,False,False,False,5602.907,25.532,1262,9971
12.0,5,66.0,0.0,False,False,False,5603.371,25.996,1262,9971
13.0,22,66.0,0.0,False,False,False,5606.197,28.822,1262,9971
14.0,55,66.0,0.0,False,False,False,5606.684,29.309,1262,9971
15.0,43,66.0,0.0,False,False,False,5608.756,31.381,1262,9971
16.0,31,66.0,0.0,False,False,False,5609.572,32.197,1262,9971
17.0,87,66.0,0.0,False,False,False,5614.44,37.065,1262,9971
,12,53.0,0.0,True,False,False,,,1262,9971
,23,27.0,0.0,True,False,False,,,1262,9971
1.0,63,70.0,25.0,False,False,False,5512.688,0,1263,9963
2.0,1,70.0,18.0,False,False,False,5512.916,0.228,1263,9963
3.0,12,70.0,15.0,False,False,False,5513.702,1.014,1263,9963
4.0,81,70.0,12.0,False,False,False,5514.797,2.109,1263,9963
5.0,16,70.0,10.0,False,False,False,5516.13,3.442,1263,9963
6.0,44,70.0,8.0,False,False,False,5523.401,10.713,1263,9963
7.0,14,70.0,6.0,False,False,False,5523.66,10.972,1263,9963
8.0,27,70.0,4.0,False,False,False,5528.052,15.364,1263,9963
9.0,31,69.0,2.0,False,False,False,,+1 LAP,1263,9963
10.0,55,69.0,1.0,False,False,False,,+1 LAP,1263,9963
11.0,87,69.0,0.0,False,False,False,,+1 LAP,1263,9963
12.0,22,69.0,0.0,False,False,False,,+1 LAP,1263,9963
13.0,43,69.0,0.0,False,False,False,,+1 LAP,1263,9963
14.0,5,69.0,0.0,False,False,False,,+1 LAP,1263,9963
15.0,10,69.0,0.0,False,False,False,,+1 LAP,1263,9963
16.0,6,69.0,0.0,False,False,False,,+1 LAP,1263,9963
17.0,18,69.0,0.0,False,False,False,,+1 LAP,1263,9963
18.0,4,66.0,0.0,True,False,False,,,1263,9963
,30,53.0,0.0,True,False,False,,,1263,9963
,23,46.0,0.0,True,False,False,,,1263,9963
1.0,4,70.0,25.0,False,False,False,5027.693,0,1264,9955
2.0,81,70.0,18.0,False,False,False,5030.388,2.695,1264,9955
3.0,16,70.0,15.0,False,False,False,5047.513,19.82,1264,9955
4.0,44,70.0,12.0,False,False,False,5056.713,29.02,1264,9955
5.0,63,70.0,10.0,False,False,False,5090.089,62.396,1264,9955
6.0,30,70.0,8.0,False,False,False,5095.447,67.754,1264,9955
7.0,14,69.0,6.0,False,False,False,,+1 LAP,1264,9955
8.0,5,69.0,4.0,False,False,False,,+1 LAP,1264,9955
9.0,27,69.0,2.0,False,False,False,,+1 LAP,1264,9955
10.0,31,69.0,1.0,False,False,False,,+1 LAP,1264,9955
11.0,87,69.0,0.0,False,False,False,,+1 LAP,1264,9955
12.0,6,69.0,0.0,False,False,False,,+1 LAP,1264,9955
13.0,10,69.0,0.0,False,False,False,,+1 LAP,1264,9955
14.0,18,69.0,0.0,False,False,False,,+1 LAP,1264,9955
15.0,43,69.0,0.0,False,False,False,,+1 LAP,1264,9955
16.0,22,68.0,0.0,False,False,False,,+2 LAPS,1264,9955
,23,15.0,0.0,True,False,False,,,1264,9955
,1,0.0,0.0,True,False,False,,,1264,9955
,12,0.0,0.0,True,False,False,,,1264,9955
,55,0.0,0.0,False,True,False,,,1264,9955
1.0,4,52.0,25.0,False,False,False,5835.735,0,1277,9947
2.0,81,52.0,18.0,False,False,False,5842.547,6.812,1277,9947
3.0,27,52.0,15.0,False,False,False,5870.477,34.742,1277,9947
4.0,44,52.0,12.0,False,False,False,5875.547,39.812,1277,9947
5.0,1,52.0,10.0,False,False,False,5892.516,56.781,1277,9947
6.0,10,52.0,8.0,False,False,False,5895.592,59.857,1277,9947
7.0,18,52.0,6.0,False,False,False,5896.338,60.603,1277,9947
8.0,23,52.0,4.0,False,False,False,5899.87,64.135,1277,9947
9.0,14,52.0,2.0,False,False,False,5901.593,65.858,1277,9947
10.0,63,52.0,1.0,False,False,False,5906.409,70.674,1277,9947
11.0,87,52.0,0.0,False,False,False,5907.83,72.095,1277,9947
12.0,55,52.0,0.0,False,False,False,5912.327,76.592,1277,9947
13.0,31,52.0,0.0,False,False,False,5913.036,77.301,1277,9947
14.0,16,52.0,0.0,False,False,False,5920.212,84.477,1277,9947
15.0,22,51.0,0.0,False,False,False,,+1 LAP,1277,9947
,12,23.0,0.0,True,False,False,,,1277,9947
,6,17.0,0.0,True,False,False,,,1277,9947
,5,3.0,0.0,True,False,False,,,1277,9947
,30,0.0,0.0,True,False,False,,,1277,9947
,43,0.0,0.0,False,True,False,,,1277,9947
1.0,81,44.0,25.0,False,False,False,5122.601,0,1265,9939
2.0,4,44.0,18.0,False,False,False,5126.016,3.415,1265,9939
3.0,16,44.0,15.0,False,False,False,5142.786,20.185,1265,9939
4.0,1,44.0,12.0,False,False,False,5144.332,21.731,1265,9939
5.0,63,44.0,10.0,False,False,False,5157.464,34.863,1265,9939
6.0,23,44.0,8.0,False,False,False,5162.527,39.926,1265,9939
7.0,44,44.0,6.0,False,False,False,5163.28,40.679,1265,9939
8.0,30,44.0,4.0,False,False,False,5174.634,52.033,1265,9939
9.0,5,44.0,2.0,False,False,False,5179.035,56.434,1265,9939
10.0,10,44.0,1.0,False,False,False,5195.315,72.714,1265,9939
11.0,87,44.0,0.0,False,False,False,5195.746,73.145,1265,9939
12.0,27,44.0,0.0,False,False,False,5196.229,73.628,1265,9939
13.0,22,44.0,0.0,False,False,False,5197.996,75.395,1265,9939
14.0,18,44.0,0.0,False,False,False,5202.432,79.831,1265,9939
15.0,31,44.0,0.0,False,False,False,5208.664,86.063,1265,9939
16.0,12,44.0,0.0,False,False,False,5209.322,86.721,1265,9939
17.0,14,44.0,0.0,False,False,False,5210.525,87.924,1265,9939
18.0,55,44.0,0.0,False,False,False,5214.625,92.024,1265,9939
19.0,43,44.0,0.0,False,False,False,5217.851,95.25,1265,9939
20.0,6,43.0,0.0,False,False,False,,+1 LAP,1265,9939
1.0,4,70.0,25.0,False,False,False,5721.231,0,1266,9928
2.0,81,70.0,18.0,False,False,False,5721.929,0.698,1266,9928
3.0,63,70.0,15.0,False,False,False,5743.147,21.916,1266,9928
4.0,16,70.0,12.0,False,False,False,5763.791,42.56,1266,9928
5.0,14,70.0,10.0,False,False,False,5780.271,59.04,1266,9928
6.0,5,70.0,8.0,False,False,False,5787.4,66.169,1266,9928
7.0,18,70.0,6.0,False,False,False,5789.405,68.174,1266,9928
8.0,30,70.0,4.0,False,False,False,5790.682,69.451,1266,9928
9.0,1,70.0,2.0,False,False,False,5793.876,72.645,1266,9928
10.0,12,69.0,1.0,False,False,False,,+1 LAP,1266,9928
11.0,6,69.0,0.0,False,False,False,,+1 LAP,1266,9928
12.0,44,69.0,0.0,False,False,False,,+1 LAP,1266,9928
13.0,27,69.0,0.0,False,False,False,,+1 LAP,1266,9928
14.0,55,69.0,0.0,False,False,False,,+1 LAP,1266,9928
15.0,23,69.0,0.0,False,False,False,,+1 LAP,1266,9928
16.0,31,69.0,0.0,False,False,False,,+1 LAP,1266,9928
17.0,22,69.0,0.0,False,False,False,,+1 LAP,1266,9928
18.0,43,69.0,0.0,False,False,False,,+1 LAP,1266,9928
19.0,10,69.0,0.0,False,False,False,,+1 LAP,1266,9928
,87,48.0,0.0,True,False,False,,,1266,9928
1.0,81,72.0,25.0,False,False,False,5909.849,0,1267,9920
2.0,1,72.0,18.0,False,False,False,5911.12,1.271,1267,9920
3.0,6,72.0,15.0,False,False,False,5913.082,3.233,1267,9920
4.0,63,72.0,12.0,False,False,False,5915.503,5.654,1267,9920
5.0,23,72.0,10.0,False,False,False,5916.176,6.327,1267,9920
6.0,87,72.0,8.0,False,False,False,5918.893,9.044,1267,9920
7.0,18,72.0,6.0,False,False,False,5919.346,9.497,1267,9920
8.0,14,72.0,4.0,False,False,False,5921.558,11.709,1267,9920
9.0,22,72.0,2.0,False,False,False,5923.446,13.597,1267,9920
10.0,31,72.0,1.0,False,False,False,5923.912,14.063,1267,9920
11.0,43,72.0,0.0,False,False,False,5924.36,14.511,1267,9920
12.0,30,72.0,0.0,False,False,False,5926.912,17.063,1267,9920
13.0,55,72.0,0.0,False,False,False,5927.225,17.376,1267,9920
14.0,27,72.0,0.0,False,False,False,5929.574,19.725,1267,9920
15.0,5,72.0,0.0,False,False,False,5931.414,21.565,1267,9920
16.0,12,72.0,0.0,False,False,False,5931.878,22.029,1267,9920
17.0,10,72.0,0.0,False,False,False,5933.478,23.629,1267,9920
18.0,4,64.0,0.0,True,False,False,,,1267,9920
,16,52.0,0.0,True,False,False,,,1267,9920
,44,22.0,0.0,True,False,False,,,1267,9920
1.0,1,53.0,25.0,False,False,False,4404.325,0,1268,9912
2.0,4,53.0,18.0,False,False,False,4423.532,19.207,1268,9912
3.0,81,53.0,15.0,False,False,False,4425.676,21.351,1268,9912
4.0,16,53.0,12.0,False,False,False,4429.949,25.624,1268,9912
5.0,63,53.0,10.0,False,False,False,4437.206,32.881,1268,9912
6.0,44,53.0,8.0,False,False,False,4441.774,37.449,1268,9912
7.0,23,53.0,6.0,False,False,False,4454.862,50.537,1268,9912
8.0,5,53.0,4.0,False,False,False,4462.809,58.484,1268,9912
9.0,12,53.0,2.0,False,False,False,4464.087,59.762,1268,9912
10.0,6,53.0,1.0,False,False,False,4468.216,63.891,1268,9912
11.0,55,53.0,0.0,False,False,False,4468.794,64.469,1268,9912
12.0,87,53.0,0.0,False,False,False,4483.613,79.288,1268,9912
13.0,22,53.0,0.0,False,False,False,4485.026,80.701,1268,9912
14.0,30,53.0,0.0,False,False,False,4486.676,82.351,1268,9912
15.0,31,52.0,0.0,False,False,False,,+1 LAP,1268,9912
16.0,10,52.0,0.0,False,False,False,,+1 LAP,1268,9912
17.0,43,52.0,0.0,False,False,False,,+1 LAP,1268,9912
18.0,18,52.0,0.0,False,False,False,,+1 LAP,1268,9912
,14,24.0,0.0,True,False,False,,,1268,9912
,27,0.0,0.0,False,True,False,,,1268,9912
1.0,1,51.0,25.0,False,False,False,5606.408,0,1269,9904
2.0,63,51.0,18.0,False,False,False,5621.017,14.609,1269,9904
3.0,55,51.0,15.0,False,False,False,5625.607,19.199,1269,9904
4.0,12,51.0,12.0,False,False,False,5628.168,21.76,1269,9904
5.0,30,51.0,10.0,False,False,False,5639.698,33.29,1269,9904
6.0,22,51.0,8.0,False,False,False,5640.216,33.808,1269,9904
7.0,4,51.0,6.0,False,False,False,5640.635,34.227,1269,9904
8.0,44,51.0,4.0,False,False,False,5642.718,36.31,1269,9904
9.0,16,51.0,2.0,False,False,False,5643.182,36.774,1269,9904
10.0,6,51.0,1.0,False,False,False,5645.39,38.982,1269,9904
11.0,5,51.0,0.0,False,False,False,5674.014,67.606,1269,9904
12.0,87,51.0,0.0,False,False,False,5674.67,68.262,1269,9904
13.0,23,51.0,0.0,False,False,False,5679.278,72.87,1269,9904
14.0,31,51.0,0.0,False,False,False,5683.988,77.58,1269,9904
15.0,14,51.0,0.0,False,False,False,5685.115,78.707,1269,9904
16.0,27,51.0,0.0,False,False,False,5686.645,80.237,1269,9904
17.0,18,51.0,0.0,False,False,False,5702.8,96.392,1269,9904
18.0,10,50.0,0.0,False,False,False,,+1 LAP,1269,9904
19.0,43,50.0,0.0,False,False,False,,+1 LAP,1269,9904
,81,0.0,0.0,True,False,False,,,1269,9904
1.0,63,62.0,25.0,False,False,False,6022.367,0,1270,9896
2.0,1,62.0,18.0,False,False,False,6027.797,5.43,1270,9896
3.0,4,62.0,15.0,False,False,False,6028.433,6.066,1270,9896
4.0,81,62.0,12.0,False,False,False,6030.513,8.146,1270,9896
5.0,12,62.0,10.0,False,False,False,6056.048,33.681,1270,9896
6.0,16,62.0,8.0,False,False,False,6068.363,45.996,1270,9896
7.0,14,62.0,6.0,False,False,False,6103.034,80.667,1270,9896
8.0,44,62.0,4.0,False,False,False,6107.618,85.251,1270,9896
9.0,87,62.0,2.0,False,False,False,6115.894,93.527,1270,9896
10.0,55,61.0,1.0,False,False,False,,+1 LAP,1270,9896
11.0,6,61.0,0.0,False,False,False,,+1 LAP,1270,9896
12.0,22,61.0,0.0,False,False,False,,+1 LAP,1270,9896
13.0,18,61.0,0.0,False,False,False,,+1 LAP,1270,9896
14.0,23,61.0,0.0,False,False,False,,+1 LAP,1270,9896
15.0,30,61.0,0.0,False,False,False,,+1 LAP,1270,9896
16.0,43,61.0,0.0,False,False,False,,+1 LAP,1270,9896
17.0,5,61.0,0.0,False,False,False,,+1 LAP,1270,9896
18.0,31,61.0,0.0,False,False,False,,+1 LAP,1270,9896
19.0,10,61.0,0.0,False,False,False,,+1 LAP,1270,9896
20.0,27,61.0,0.0,False,False,False,,+1 LAP,1270,9896
1.0,1,56.0,25.0,False,False,False,5640.161,0,1271,9888
2.0,4,56.0,18.0,False,False,False,5648.12,7.959,1271,9888
3.0,16,56.0,15.0,False,False,False,5655.534,15.373,1271,9888
4.0,44,56.0,12.0,False,False,False,5668.697,28.536,1271,9888
5.0,81,56.0,10.0,False,False,False,5669.839,29.678,1271,9888
6.0,63,56.0,8.0,False,False,False,5673.617,33.456,1271,9888
7.0,22,56.0,6.0,False,False,False,5692.875,52.714,1271,9888
8.0,27,56.0,4.0,False,False,False,5697.41,57.249,1271,9888
9.0,87,56.0,2.0,False,False,False,5704.883,64.722,1271,9888
10.0,14,56.0,1.0,False,False,False,5710.162,70.001,1271,9888
11.0,30,56.0,0.0,False,False,False,5713.37,73.209,1271,9888
12.0,18,56.0,0.0,False,False,False,5714.939,74.778,1271,9888
13.0,12,56.0,0.0,False,False,False,5715.907,75.746,1271,9888
14.0,23,56.0,0.0,False,False,False,5720.161,80.0,1271,9888
15.0,31,56.0,0.0,False,False,False,5723.204,83.043,1271,9888
16.0,6,56.0,0.0,False,False,False,5732.968,92.807,1271,9888
17.0,43,55.0,0.0,False,False,False,,+1 LAP,1271,9888
18.0,5,55.0,0.0,False,False,False,,+1 LAP,1271,9888
19.0,10,55.0,0.0,False,False,False,,+1 LAP,1271,9888
,55,5.0,0.0,True,False,False,,,1271,9888
1.0,4,71.0,25.0,False,False,False,5878.574,0,1272,9877
2.0,16,71.0,18.0,False,False,False,5908.898,30.324,1272,9877
3.0,1,71.0,15.0,False,False,False,5909.623,31.049,1272,9877
4.0,87,71.0,12.0,False,False,False,5919.529,40.955,1272,9877
5.0,81,71.0,10.0,False,False,False,5920.639,42.065,1272,9877
6.0,12,71.0,8.0,False,False,False,5926.411,47.837,1272,9877
7.0,63,71.0,6.0,False,False,False,5928.861,50.287,1272,9877
8.0,44,71.0,4.0,False,False,False,5935.02,56.446,1272,9877
9.0,31,71.0,2.0,False,False,False,5954.038,75.464,1272,9877
10.0,5,71.0,1.0,False,False,False,5955.437,76.863,1272,9877
11.0,22,71.0,0.0,False,False,False,5957.622,79.048,1272,9877
12.0,23,70.0,0.0,False,False,False,,+1 LAP,1272,9877
13.0,6,70.0,0.0,False,False,False,,+1 LAP,1272,9877
14.0,18,70.0,0.0,False,False,False,,+1 LAP,1272,9877
15.0,10,70.0,0.0,False,False,False,,+1 LAP,1272,9877
16.0,43,70.0,0.0,False,False,False,,+1 LAP,1272,9877
17.0,55,67.0,0.0,True,False,False,,,1272,9877
,14,34.0,0.0,True,False,False,,,1272,9877
,27,25.0,0.0,True,False,False,,,1272,9877
,30,5.0,0.0,True,False,False,,,1272,9877
1.0,4,71.0,25.0,False,False,False,5521.596,0,1273,9869
2.0,12,71.0,18.0,False,False,False,5531.984,10.388,1273,9869
3.0,1,71.0,15.0,False,False,False,5532.346,10.75,1273,9869
4.0,63,71.0,12.0,False,False,False,5536.863,15.267,1273,9869
5.0,81,71.0,10.0,False,False,False,5537.345,15.749,1273,9869
6.0,87,71.0,8.0,False,False,False,5551.226,29.63,1273,9869
7.0,30,71.0,6.0,False,False,False,5574.238,52.642,1273,9869
8.0,6,71.0,4.0,False,False,False,5574.469,52.873,1273,9869
9.0,27,71.0,2.0,False,False,False,5574.92,53.324,1273,9869
10.0,10,71.0,1.0,False,False,False,5575.51,53.914,1273,9869
11.0,23,71.0,0.0,False,False,False,5575.78,54.184,1273,9869
12.0,31,71.0,0.0,False,False,False,5576.292,54.696,1273,9869
13.0,55,71.0,0.0,False,False,False,5577.016,55.42,1273,9869
14.0,14,71.0,0.0,False,False,False,5577.362,55.766,1273,9869
15.0,43,71.0,0.0,False,False,False,5579.373,57.777,1273,9869
16.0,18,71.0,0.0,False,False,False,5579.843,58.247,1273,9869
17.0,22,71.0,0.0,False,False,False,5590.772,69.176,1273,9869
,44,37.0,0.0,True,False,False,,,1273,9869
,16,5.0,0.0,True,False,False,,,1273,9869
,5,0.0,0.0,True,False,False,,,1273,9869
1.0,1,50.0,25.0,False,False,False,4868.429,0,1274,9858
2.0,63,50.0,18.0,False,False,False,4891.975,23.546,1274,9858
3.0,12,50.0,15.0,False,False,False,4898.917,30.488,1274,9858
4.0,16,50.0,12.0,False,False,False,4899.107,30.678,1274,9858
5.0,55,50.0,10.0,False,False,False,4903.353,34.924,1274,9858
6.0,6,50.0,8.0,False,False,False,4913.686,45.257,1274,9858
7.0,27,50.0,6.0,False,False,False,4919.563,51.134,1274,9858
8.0,44,50.0,4.0,False,False,False,4927.798,59.369,1274,9858
9.0,31,50.0,2.0,False,False,False,4929.064,60.635,1274,9858
10.0,87,50.0,1.0,False,False,False,4938.978,70.549,1274,9858
11.0,14,50.0,0.0,False,False,False,4953.737,85.308,1274,9858
12.0,22,50.0,0.0,False,False,False,4955.403,86.974,1274,9858
13.0,10,50.0,0.0,False,False,False,4960.131,91.702,1274,9858
14.0,30,49.0,0.0,False,False,False,,+1 LAP,1274,9858
15.0,43,49.0,0.0,False,False,False,,+1 LAP,1274,9858
,23,35.0,0.0,True,False,False,,,1274,9858
,5,2.0,0.0,True,False,False,,,1274,9858
,18,0.0,0.0,True,False,False,,,1274,9858
,4,,0.0,False,False,True,,,1274,9858
,81,,0.0,False,False,True,,,1274,9858
1.0,1,57.0,25.0,False,False,False,5078.241,0,1275,9850
2.0,81,57.0,18.0,False,False,False,5086.236,7.995,1275,9850
3.0,55,57.0,15.0,False,False,False,5100.906,22.665,1275,9850
4.0,4,57.0,12.0,False,False,False,5101.556,23.315,1275,9850
5.0,12,57.0,10.0,False,False,False,5106.558,28.317,1275,9850
6.0,63,57.0,8.0,False,False,False,5126.84,48.599,1275,9850
7.0,14,57.0,6.0,False,False,False,5132.286,54.045,1275,9850
8.0,16,57.0,4.0,False,False,False,5135.026,56.785,1275,9850
9.0,30,57.0,2.0,False,False,False,5138.314,60.073,1275,9850
10.0,22,57.0,1.0,False,False,False,5140.011,61.77,1275,9850
11.0,23,57.0,0.0,False,False,False,5145.172,66.931,1275,9850
12.0,44,57.0,0.0,False,False,False,5155.971,77.73,1275,9850
13.0,5,57.0,0.0,False,False,False,5163.053,84.812,1275,9850
14.0,43,56.0,0.0,False,False,False,,+1 LAP,1275,9850
15.0,31,56.0,0.0,False,False,False,,+1 LAP,1275,9850
16.0,10,56.0,0.0,False,False,False,,+1 LAP,1275,9850
17.0,18,55.0,0.0,True,False,False,,,1275,9850
18.0,6,55.0,0.0,True,False,False,,,1275,9850
,87,41.0,0.0,True,False,False,,,1275,9850
,27,6.0,0.0,True,False,False,,,1275,9850
